"id";"key_product_id";"product_code";"key_taxcode_id";"name";"description";"key_sell_unit_id";"is_price_tax_inclusive";"is_kitted";"internal_id";"product_group_id";"status";"unavailable_from";"unavailable_to"
1;"0";"0";"4325032074121";"DH Budget skis, boots, poles";"DH Beg";"1";1;0;"11EBB7AB0C0D4920987A6AF3476460FC";2;"HIRED";"";""
2;"0";"0";"4325032074121";"DH Budget skis, boots, poles";"DH Beg";"1";1;0;"11EBB7AB0C0D4920987A6AF3476460FC";2;"HIRED";"";""
3;"0";"0";"4325032074121";"DH Budget skis, boots, poles";"DH Beg";"1";1;0;"11EBB7AB0C0D4920987A6AF3476460FC";2;"HIRED";"";""
4;"0";"0";"4325032074121";"DH Budget skis, boots, poles";"DH Beg";"1";1;0;"11EBB7AB0C0D4920987A6AF3476460FC";2;"HIRED";"";""
5;"0";"0";"4325032074121";"DH Budget skis, boots, poles";"DH Beg";"1";1;0;"11EBB7AB0C0D4920987A6AF3476460FC";2;"HIRED";"";""
6;"0";"0";"4325032074121";"DH Budget skis, boots, poles";"DH Beg";"1";1;0;"11EBB7AB0C0D4920987A6AF3476460FC";2;"HIRED";"";""
7;"0";"0";"4325032074121";"DH Budget skis, boots, poles";"DH Beg";"1";1;0;"11EBB7AB0C0D4920987A6AF3476460FC";2;"HIRED";"";""
8;"0";"0";"4325032074121";"DH Budget skis, boots, poles";"DH Beg";"1";1;0;"11EBB7AB0C0D4920987A6AF3476460FC";2;"HIRED";"";""
9;"0";"0";"4325032074121";"DH Budget skis, boots, poles";"DH Beg";"1";1;0;"11EBB7AB0C0D4920987A6AF3476460FC";2;"HIRED";"";""
10;"0";"0";"4325032074121";"DH Budget skis, boots, poles";"DH Beg";"1";1;0;"11EBB7AB0C0D4920987A6AF3476460FC";2;"HIRED";"";""
11;"A";"A";"4325032074121";"Apres Boots Adults";"Apres";"1";1;0;"11EBB7AB0C0D9756987A6AF3476460FC";12;"HIRED";"";""
12;"A";"A";"4325032074121";"Apres Boots Adults";"Apres";"1";1;0;"11EBB7AB0C0D9756987A6AF3476460FC";12;"HIRED";"";""
13;"A";"A";"4325032074121";"Apres Boots Adults";"Apres";"1";1;0;"11EBB7AB0C0D9756987A6AF3476460FC";12;"HIRED";"";""
14;"A";"A";"4325032074121";"Apres Boots Adults";"Apres";"1";1;0;"11EBB7AB0C0D9756987A6AF3476460FC";12;"HIRED";"";""
15;"A";"A";"4325032074121";"Apres Boots Adults";"Apres";"1";1;0;"11EBB7AB0C0D9756987A6AF3476460FC";12;"AVAILABLE";"";""
16;"A";"A";"4325032074121";"Apres Boots Adults";"Apres";"1";1;0;"11EBB7AB0C0D9756987A6AF3476460FC";12;"AVAILABLE";"";""
17;"A";"A";"4325032074121";"Apres Boots Adults";"Apres";"1";1;0;"11EBB7AB0C0D9756987A6AF3476460FC";12;"AVAILABLE";"";""
18;"A";"A";"4325032074121";"Apres Boots Adults";"Apres";"1";1;0;"11EBB7AB0C0D9756987A6AF3476460FC";12;"AVAILABLE";"";""
19;"A";"A";"4325032074121";"Apres Boots Adults";"Apres";"1";1;0;"11EBB7AB0C0D9756987A6AF3476460FC";12;"AVAILABLE";"";""
20;"A";"A";"4325032074121";"Apres Boots Adults";"Apres";"1";1;0;"11EBB7AB0C0D9756987A6AF3476460FC";12;"AVAILABLE";"";""
1561;"0";"0";"4325032074121";"DH Budget skis, boots, poles";"DH Beg";"1";1;0;"11EBB7AB0C0D4920987A6AF3476460FC";2;"AVAILABLE";"";""
1562;"0";"0";"4325032074121";"DH Budget skis, boots, poles";"DH Beg";"1";1;0;"11EBB7AB0C0D4920987A6AF3476460FC";2;"AVAILABLE";"";""
1563;"0";"0";"4325032074121";"DH Budget skis, boots, poles";"DH Beg";"1";1;0;"11EBB7AB0C0D4920987A6AF3476460FC";2;"AVAILABLE";"";""
1564;"0";"0";"4325032074121";"DH Budget skis, boots, poles";"DH Beg";"1";1;0;"11EBB7AB0C0D4920987A6AF3476460FC";2;"AVAILABLE";"";""
1565;"0";"0";"4325032074121";"DH Budget skis, boots, poles";"DH Beg";"1";1;0;"11EBB7AB0C0D4920987A6AF3476460FC";2;"AVAILABLE";"";""
1566;"0";"0";"4325032074121";"DH Budget skis, boots, poles";"DH Beg";"1";1;0;"11EBB7AB0C0D4920987A6AF3476460FC";2;"AVAILABLE";"";""
1567;"0";"0";"4325032074121";"DH Budget skis, boots, poles";"DH Beg";"1";1;0;"11EBB7AB0C0D4920987A6AF3476460FC";2;"AVAILABLE";"";""
1568;"0";"0";"4325032074121";"DH Budget skis, boots, poles";"DH Beg";"1";1;0;"11EBB7AB0C0D4920987A6AF3476460FC";2;"AVAILABLE";"";""
1569;"0";"0";"4325032074121";"DH Budget skis, boots, poles";"DH Beg";"1";1;0;"11EBB7AB0C0D4920987A6AF3476460FC";2;"AVAILABLE";"";""
1570;"0";"0";"4325032074121";"DH Budget skis, boots, poles";"DH Beg";"1";1;0;"11EBB7AB0C0D4920987A6AF3476460FC";2;"AVAILABLE";"";""
1571;"A";"A";"4325032074121";"Apres Boots Adults";"Apres";"1";1;0;"11EBB7AB0C0D9756987A6AF3476460FC";12;"AVAILABLE";"";""
1572;"A";"A";"4325032074121";"Apres Boots Adults";"Apres";"1";1;0;"11EBB7AB0C0D9756987A6AF3476460FC";12;"AVAILABLE";"";""
1573;"A";"A";"4325032074121";"Apres Boots Adults";"Apres";"1";1;0;"11EBB7AB0C0D9756987A6AF3476460FC";12;"AVAILABLE";"";""
1574;"A";"A";"4325032074121";"Apres Boots Adults";"Apres";"1";1;0;"11EBB7AB0C0D9756987A6AF3476460FC";12;"AVAILABLE";"";""
1575;"A";"A";"4325032074121";"Apres Boots Adults";"Apres";"1";1;0;"11EBB7AB0C0D9756987A6AF3476460FC";12;"AVAILABLE";"";""
1576;"A";"A";"4325032074121";"Apres Boots Adults";"Apres";"1";1;0;"11EBB7AB0C0D9756987A6AF3476460FC";12;"AVAILABLE";"";""
1577;"A";"A";"4325032074121";"Apres Boots Adults";"Apres";"1";1;0;"11EBB7AB0C0D9756987A6AF3476460FC";12;"AVAILABLE";"";""
1578;"A";"A";"4325032074121";"Apres Boots Adults";"Apres";"1";1;0;"11EBB7AB0C0D9756987A6AF3476460FC";12;"AVAILABLE";"";""
1579;"A";"A";"4325032074121";"Apres Boots Adults";"Apres";"1";1;0;"11EBB7AB0C0D9756987A6AF3476460FC";12;"AVAILABLE";"";""
1580;"A";"A";"4325032074121";"Apres Boots Adults";"Apres";"1";1;0;"11EBB7AB0C0D9756987A6AF3476460FC";12;"AVAILABLE";"";""
1581;"AK";"AK";"4325032074121";"Apres Boots U14";"ApresK";"1";1;0;"11EBB7AB0C0D9758987A6AF3476460FC";12;"AVAILABLE";"";""
1582;"AK";"AK";"4325032074121";"Apres Boots U14";"ApresK";"1";1;0;"11EBB7AB0C0D9758987A6AF3476460FC";12;"AVAILABLE";"";""
1583;"AK";"AK";"4325032074121";"Apres Boots U14";"ApresK";"1";1;0;"11EBB7AB0C0D9758987A6AF3476460FC";12;"AVAILABLE";"";""
1584;"AK";"AK";"4325032074121";"Apres Boots U14";"ApresK";"1";1;0;"11EBB7AB0C0D9758987A6AF3476460FC";12;"AVAILABLE";"";""
1585;"AK";"AK";"4325032074121";"Apres Boots U14";"ApresK";"1";1;0;"11EBB7AB0C0D9758987A6AF3476460FC";12;"AVAILABLE";"";""
1586;"AK";"AK";"4325032074121";"Apres Boots U14";"ApresK";"1";1;0;"11EBB7AB0C0D9758987A6AF3476460FC";12;"AVAILABLE";"";""
1587;"AK";"AK";"4325032074121";"Apres Boots U14";"ApresK";"1";1;0;"11EBB7AB0C0D9758987A6AF3476460FC";12;"AVAILABLE";"";""
1588;"AK";"AK";"4325032074121";"Apres Boots U14";"ApresK";"1";1;0;"11EBB7AB0C0D9758987A6AF3476460FC";12;"AVAILABLE";"";""
1589;"AK";"AK";"4325032074121";"Apres Boots U14";"ApresK";"1";1;0;"11EBB7AB0C0D9758987A6AF3476460FC";12;"AVAILABLE";"";""
1590;"AK";"AK";"4325032074121";"Apres Boots U14";"ApresK";"1";1;0;"11EBB7AB0C0D9758987A6AF3476460FC";12;"AVAILABLE";"";""
1591;"B";"B";"4325032074121";"BC Budget Skis, boots, poles";"BC Bud";"1";1;0;"11EBB7AB0C0D7049987A6AF3476460FC";2;"AVAILABLE";"";""
1592;"B";"B";"4325032074121";"BC Budget Skis, boots, poles";"BC Bud";"1";1;0;"11EBB7AB0C0D7049987A6AF3476460FC";2;"AVAILABLE";"";""
1593;"B";"B";"4325032074121";"BC Budget Skis, boots, poles";"BC Bud";"1";1;0;"11EBB7AB0C0D7049987A6AF3476460FC";2;"AVAILABLE";"";""
1594;"B";"B";"4325032074121";"BC Budget Skis, boots, poles";"BC Bud";"1";1;0;"11EBB7AB0C0D7049987A6AF3476460FC";2;"AVAILABLE";"";""
1595;"B";"B";"4325032074121";"BC Budget Skis, boots, poles";"BC Bud";"1";1;0;"11EBB7AB0C0D7049987A6AF3476460FC";2;"AVAILABLE";"";""
1596;"B";"B";"4325032074121";"BC Budget Skis, boots, poles";"BC Bud";"1";1;0;"11EBB7AB0C0D7049987A6AF3476460FC";2;"AVAILABLE";"";""
1597;"B";"B";"4325032074121";"BC Budget Skis, boots, poles";"BC Bud";"1";1;0;"11EBB7AB0C0D7049987A6AF3476460FC";2;"AVAILABLE";"";""
1598;"B";"B";"4325032074121";"BC Budget Skis, boots, poles";"BC Bud";"1";1;0;"11EBB7AB0C0D7049987A6AF3476460FC";2;"AVAILABLE";"";""
1599;"B";"B";"4325032074121";"BC Budget Skis, boots, poles";"BC Bud";"1";1;0;"11EBB7AB0C0D7049987A6AF3476460FC";2;"AVAILABLE";"";""
1600;"B";"B";"4325032074121";"BC Budget Skis, boots, poles";"BC Bud";"1";1;0;"11EBB7AB0C0D7049987A6AF3476460FC";2;"AVAILABLE";"";""
1601;"BK";"BK";"4325032074121";"Boot only Under 14";"Bootu14";"1";1;0;"11EBB7AB0C0DBE52987A6AF3476460FC";12;"AVAILABLE";"";""
1602;"BK";"BK";"4325032074121";"Boot only Under 14";"Bootu14";"1";1;0;"11EBB7AB0C0DBE52987A6AF3476460FC";12;"AVAILABLE";"";""
1603;"BK";"BK";"4325032074121";"Boot only Under 14";"Bootu14";"1";1;0;"11EBB7AB0C0DBE52987A6AF3476460FC";12;"AVAILABLE";"";""
1604;"BK";"BK";"4325032074121";"Boot only Under 14";"Bootu14";"1";1;0;"11EBB7AB0C0DBE52987A6AF3476460FC";12;"AVAILABLE";"";""
1605;"BK";"BK";"4325032074121";"Boot only Under 14";"Bootu14";"1";1;0;"11EBB7AB0C0DBE52987A6AF3476460FC";12;"AVAILABLE";"";""
1606;"BK";"BK";"4325032074121";"Boot only Under 14";"Bootu14";"1";1;0;"11EBB7AB0C0DBE52987A6AF3476460FC";12;"AVAILABLE";"";""
1607;"BK";"BK";"4325032074121";"Boot only Under 14";"Bootu14";"1";1;0;"11EBB7AB0C0DBE52987A6AF3476460FC";12;"AVAILABLE";"";""
1608;"BK";"BK";"4325032074121";"Boot only Under 14";"Bootu14";"1";1;0;"11EBB7AB0C0DBE52987A6AF3476460FC";12;"AVAILABLE";"";""
1609;"BK";"BK";"4325032074121";"Boot only Under 14";"Bootu14";"1";1;0;"11EBB7AB0C0DBE52987A6AF3476460FC";12;"AVAILABLE";"";""
1610;"BK";"BK";"4325032074121";"Boot only Under 14";"Bootu14";"1";1;0;"11EBB7AB0C0DBE52987A6AF3476460FC";12;"AVAILABLE";"";""
1611;"boot";"boot";"4325032074121";"Ski/SB or BC boots only";"Boots";"1";1;0;"11EBB7AB0C0D9740987A6AF3476460FC";12;"AVAILABLE";"";""
1612;"boot";"boot";"4325032074121";"Ski/SB or BC boots only";"Boots";"1";1;0;"11EBB7AB0C0D9740987A6AF3476460FC";12;"AVAILABLE";"";""
1613;"boot";"boot";"4325032074121";"Ski/SB or BC boots only";"Boots";"1";1;0;"11EBB7AB0C0D9740987A6AF3476460FC";12;"AVAILABLE";"";""
1614;"boot";"boot";"4325032074121";"Ski/SB or BC boots only";"Boots";"1";1;0;"11EBB7AB0C0D9740987A6AF3476460FC";12;"AVAILABLE";"";""
1615;"boot";"boot";"4325032074121";"Ski/SB or BC boots only";"Boots";"1";1;0;"11EBB7AB0C0D9740987A6AF3476460FC";12;"AVAILABLE";"";""
1616;"boot";"boot";"4325032074121";"Ski/SB or BC boots only";"Boots";"1";1;0;"11EBB7AB0C0D9740987A6AF3476460FC";12;"AVAILABLE";"";""
1617;"boot";"boot";"4325032074121";"Ski/SB or BC boots only";"Boots";"1";1;0;"11EBB7AB0C0D9740987A6AF3476460FC";12;"AVAILABLE";"";""
1618;"boot";"boot";"4325032074121";"Ski/SB or BC boots only";"Boots";"1";1;0;"11EBB7AB0C0D9740987A6AF3476460FC";12;"AVAILABLE";"";""
1619;"boot";"boot";"4325032074121";"Ski/SB or BC boots only";"Boots";"1";1;0;"11EBB7AB0C0D9740987A6AF3476460FC";12;"AVAILABLE";"";""
1620;"boot";"boot";"4325032074121";"Ski/SB or BC boots only";"Boots";"1";1;0;"11EBB7AB0C0D9740987A6AF3476460FC";12;"AVAILABLE";"";""
1621;"BP";"BP";"4325032074121";"BC Perf, skis, boots, poles";"BC Per";"1";1;0;"11EBB7AB0C0D704C987A6AF3476460FC";2;"AVAILABLE";"";""
1622;"BP";"BP";"4325032074121";"BC Perf, skis, boots, poles";"BC Per";"1";1;0;"11EBB7AB0C0D704C987A6AF3476460FC";2;"AVAILABLE";"";""
1623;"BP";"BP";"4325032074121";"BC Perf, skis, boots, poles";"BC Per";"1";1;0;"11EBB7AB0C0D704C987A6AF3476460FC";2;"AVAILABLE";"";""
1624;"BP";"BP";"4325032074121";"BC Perf, skis, boots, poles";"BC Per";"1";1;0;"11EBB7AB0C0D704C987A6AF3476460FC";2;"AVAILABLE";"";""
1625;"BP";"BP";"4325032074121";"BC Perf, skis, boots, poles";"BC Per";"1";1;0;"11EBB7AB0C0D704C987A6AF3476460FC";2;"AVAILABLE";"";""
1626;"BP";"BP";"4325032074121";"BC Perf, skis, boots, poles";"BC Per";"1";1;0;"11EBB7AB0C0D704C987A6AF3476460FC";2;"AVAILABLE";"";""
1627;"BP";"BP";"4325032074121";"BC Perf, skis, boots, poles";"BC Per";"1";1;0;"11EBB7AB0C0D704C987A6AF3476460FC";2;"AVAILABLE";"";""
1628;"BP";"BP";"4325032074121";"BC Perf, skis, boots, poles";"BC Per";"1";1;0;"11EBB7AB0C0D704C987A6AF3476460FC";2;"AVAILABLE";"";""
1629;"BP";"BP";"4325032074121";"BC Perf, skis, boots, poles";"BC Per";"1";1;0;"11EBB7AB0C0D704C987A6AF3476460FC";2;"AVAILABLE";"";""
1630;"BP";"BP";"4325032074121";"BC Perf, skis, boots, poles";"BC Per";"1";1;0;"11EBB7AB0C0D704C987A6AF3476460FC";2;"AVAILABLE";"";""
1631;"BPB";"BPB";"4325032074121";"Backcountry Garmont/Scarpa Boot";"Garmon";"1";1;0;"11EBB7AB0C0D9770987A6AF3476460FC";12;"AVAILABLE";"";""
1632;"BPB";"BPB";"4325032074121";"Backcountry Garmont/Scarpa Boot";"Garmon";"1";1;0;"11EBB7AB0C0D9770987A6AF3476460FC";12;"AVAILABLE";"";""
1633;"BPB";"BPB";"4325032074121";"Backcountry Garmont/Scarpa Boot";"Garmon";"1";1;0;"11EBB7AB0C0D9770987A6AF3476460FC";12;"AVAILABLE";"";""
1634;"BPB";"BPB";"4325032074121";"Backcountry Garmont/Scarpa Boot";"Garmon";"1";1;0;"11EBB7AB0C0D9770987A6AF3476460FC";12;"AVAILABLE";"";""
1635;"BPB";"BPB";"4325032074121";"Backcountry Garmont/Scarpa Boot";"Garmon";"1";1;0;"11EBB7AB0C0D9770987A6AF3476460FC";12;"AVAILABLE";"";""
1636;"BPB";"BPB";"4325032074121";"Backcountry Garmont/Scarpa Boot";"Garmon";"1";1;0;"11EBB7AB0C0D9770987A6AF3476460FC";12;"AVAILABLE";"";""
1637;"BPB";"BPB";"4325032074121";"Backcountry Garmont/Scarpa Boot";"Garmon";"1";1;0;"11EBB7AB0C0D9770987A6AF3476460FC";12;"AVAILABLE";"";""
1638;"BPB";"BPB";"4325032074121";"Backcountry Garmont/Scarpa Boot";"Garmon";"1";1;0;"11EBB7AB0C0D9770987A6AF3476460FC";12;"AVAILABLE";"";""
1639;"BPB";"BPB";"4325032074121";"Backcountry Garmont/Scarpa Boot";"Garmon";"1";1;0;"11EBB7AB0C0D9770987A6AF3476460FC";12;"AVAILABLE";"";""
1640;"BPB";"BPB";"4325032074121";"Backcountry Garmont/Scarpa Boot";"Garmon";"1";1;0;"11EBB7AB0C0D9770987A6AF3476460FC";12;"AVAILABLE";"";""
1641;"BPS";"BPS";"4325032074121";"Boot only Under 6";"Boot u6";"1";1;0;"11EBB7AB0C0DBE54987A6AF3476460FC";12;"AVAILABLE";"";""
1642;"BPS";"BPS";"4325032074121";"Boot only Under 6";"Boot u6";"1";1;0;"11EBB7AB0C0DBE54987A6AF3476460FC";12;"AVAILABLE";"";""
1643;"BPS";"BPS";"4325032074121";"Boot only Under 6";"Boot u6";"1";1;0;"11EBB7AB0C0DBE54987A6AF3476460FC";12;"AVAILABLE";"";""
1644;"BPS";"BPS";"4325032074121";"Boot only Under 6";"Boot u6";"1";1;0;"11EBB7AB0C0DBE54987A6AF3476460FC";12;"AVAILABLE";"";""
1645;"BPS";"BPS";"4325032074121";"Boot only Under 6";"Boot u6";"1";1;0;"11EBB7AB0C0DBE54987A6AF3476460FC";12;"AVAILABLE";"";""
1646;"BPS";"BPS";"4325032074121";"Boot only Under 6";"Boot u6";"1";1;0;"11EBB7AB0C0DBE54987A6AF3476460FC";12;"AVAILABLE";"";""
1647;"BPS";"BPS";"4325032074121";"Boot only Under 6";"Boot u6";"1";1;0;"11EBB7AB0C0DBE54987A6AF3476460FC";12;"AVAILABLE";"";""
1648;"BPS";"BPS";"4325032074121";"Boot only Under 6";"Boot u6";"1";1;0;"11EBB7AB0C0DBE54987A6AF3476460FC";12;"AVAILABLE";"";""
1649;"BPS";"BPS";"4325032074121";"Boot only Under 6";"Boot u6";"1";1;0;"11EBB7AB0C0DBE54987A6AF3476460FC";12;"AVAILABLE";"";""
1650;"BPS";"BPS";"4325032074121";"Boot only Under 6";"Boot u6";"1";1;0;"11EBB7AB0C0DBE54987A6AF3476460FC";12;"AVAILABLE";"";""
1651;"CD";"CD";"4325032074121";"Diamond Chain Hire";"Diamond";"1";1;0;"11EBB7AB0C0D9768987A6AF3476460FC";17;"AVAILABLE";"";""
1652;"CD";"CD";"4325032074121";"Diamond Chain Hire";"Diamond";"1";1;0;"11EBB7AB0C0D9768987A6AF3476460FC";17;"AVAILABLE";"";""
1653;"CD";"CD";"4325032074121";"Diamond Chain Hire";"Diamond";"1";1;0;"11EBB7AB0C0D9768987A6AF3476460FC";17;"AVAILABLE";"";""
1654;"CD";"CD";"4325032074121";"Diamond Chain Hire";"Diamond";"1";1;0;"11EBB7AB0C0D9768987A6AF3476460FC";17;"AVAILABLE";"";""
1655;"CD";"CD";"4325032074121";"Diamond Chain Hire";"Diamond";"1";1;0;"11EBB7AB0C0D9768987A6AF3476460FC";17;"AVAILABLE";"";""
1656;"CD";"CD";"4325032074121";"Diamond Chain Hire";"Diamond";"1";1;0;"11EBB7AB0C0D9768987A6AF3476460FC";17;"AVAILABLE";"";""
1657;"CD";"CD";"4325032074121";"Diamond Chain Hire";"Diamond";"1";1;0;"11EBB7AB0C0D9768987A6AF3476460FC";17;"AVAILABLE";"";""
1658;"CD";"CD";"4325032074121";"Diamond Chain Hire";"Diamond";"1";1;0;"11EBB7AB0C0D9768987A6AF3476460FC";17;"AVAILABLE";"";""
1659;"CD";"CD";"4325032074121";"Diamond Chain Hire";"Diamond";"1";1;0;"11EBB7AB0C0D9768987A6AF3476460FC";17;"AVAILABLE";"";""
1660;"CD";"CD";"4325032074121";"Diamond Chain Hire";"Diamond";"1";1;0;"11EBB7AB0C0D9768987A6AF3476460FC";17;"AVAILABLE";"";""
1661;"DI";"DI";"4325032074121";"DH Inter skis, boots, poles";"DH Int";"1";1;0;"11EBB7AB0C0D7031987A6AF3476460FC";2;"AVAILABLE";"";""
1662;"DI";"DI";"4325032074121";"DH Inter skis, boots, poles";"DH Int";"1";1;0;"11EBB7AB0C0D7031987A6AF3476460FC";2;"AVAILABLE";"";""
1663;"DI";"DI";"4325032074121";"DH Inter skis, boots, poles";"DH Int";"1";1;0;"11EBB7AB0C0D7031987A6AF3476460FC";2;"AVAILABLE";"";""
1664;"DI";"DI";"4325032074121";"DH Inter skis, boots, poles";"DH Int";"1";1;0;"11EBB7AB0C0D7031987A6AF3476460FC";2;"AVAILABLE";"";""
1665;"DI";"DI";"4325032074121";"DH Inter skis, boots, poles";"DH Int";"1";1;0;"11EBB7AB0C0D7031987A6AF3476460FC";2;"AVAILABLE";"";""
1666;"DI";"DI";"4325032074121";"DH Inter skis, boots, poles";"DH Int";"1";1;0;"11EBB7AB0C0D7031987A6AF3476460FC";2;"AVAILABLE";"";""
1667;"DI";"DI";"4325032074121";"DH Inter skis, boots, poles";"DH Int";"1";1;0;"11EBB7AB0C0D7031987A6AF3476460FC";2;"AVAILABLE";"";""
1668;"DI";"DI";"4325032074121";"DH Inter skis, boots, poles";"DH Int";"1";1;0;"11EBB7AB0C0D7031987A6AF3476460FC";2;"AVAILABLE";"";""
1669;"DI";"DI";"4325032074121";"DH Inter skis, boots, poles";"DH Int";"1";1;0;"11EBB7AB0C0D7031987A6AF3476460FC";2;"AVAILABLE";"";""
1670;"DI";"DI";"4325032074121";"DH Inter skis, boots, poles";"DH Int";"1";1;0;"11EBB7AB0C0D7031987A6AF3476460FC";2;"AVAILABLE";"";""
1671;"DK";"DK";"4325032074121";"DH U15 skis, boots, poles";"DH U14";"1";1;0;"11EBB7AB0C0D7035987A6AF3476460FC";2;"AVAILABLE";"";""
1672;"DK";"DK";"4325032074121";"DH U15 skis, boots, poles";"DH U14";"1";1;0;"11EBB7AB0C0D7035987A6AF3476460FC";2;"AVAILABLE";"";""
1673;"DK";"DK";"4325032074121";"DH U15 skis, boots, poles";"DH U14";"1";1;0;"11EBB7AB0C0D7035987A6AF3476460FC";2;"AVAILABLE";"";""
1674;"DK";"DK";"4325032074121";"DH U15 skis, boots, poles";"DH U14";"1";1;0;"11EBB7AB0C0D7035987A6AF3476460FC";2;"AVAILABLE";"";""
1675;"DK";"DK";"4325032074121";"DH U15 skis, boots, poles";"DH U14";"1";1;0;"11EBB7AB0C0D7035987A6AF3476460FC";2;"AVAILABLE";"";""
1676;"DK";"DK";"4325032074121";"DH U15 skis, boots, poles";"DH U14";"1";1;0;"11EBB7AB0C0D7035987A6AF3476460FC";2;"AVAILABLE";"";""
1677;"DK";"DK";"4325032074121";"DH U15 skis, boots, poles";"DH U14";"1";1;0;"11EBB7AB0C0D7035987A6AF3476460FC";2;"AVAILABLE";"";""
1678;"DK";"DK";"4325032074121";"DH U15 skis, boots, poles";"DH U14";"1";1;0;"11EBB7AB0C0D7035987A6AF3476460FC";2;"AVAILABLE";"";""
1679;"DK";"DK";"4325032074121";"DH U15 skis, boots, poles";"DH U14";"1";1;0;"11EBB7AB0C0D7035987A6AF3476460FC";2;"AVAILABLE";"";""
1680;"DK";"DK";"4325032074121";"DH U15 skis, boots, poles";"DH U14";"1";1;0;"11EBB7AB0C0D7035987A6AF3476460FC";2;"AVAILABLE";"";""
1681;"DP";"DP";"4325032074121";"DH Perf skis, boots, poles";"DH Per";"1";1;0;"11EBB7AB0C0D7033987A6AF3476460FC";2;"AVAILABLE";"";""
1682;"DP";"DP";"4325032074121";"DH Perf skis, boots, poles";"DH Per";"1";1;0;"11EBB7AB0C0D7033987A6AF3476460FC";2;"AVAILABLE";"";""
1683;"DP";"DP";"4325032074121";"DH Perf skis, boots, poles";"DH Per";"1";1;0;"11EBB7AB0C0D7033987A6AF3476460FC";2;"AVAILABLE";"";""
1684;"DP";"DP";"4325032074121";"DH Perf skis, boots, poles";"DH Per";"1";1;0;"11EBB7AB0C0D7033987A6AF3476460FC";2;"AVAILABLE";"";""
1685;"DP";"DP";"4325032074121";"DH Perf skis, boots, poles";"DH Per";"1";1;0;"11EBB7AB0C0D7033987A6AF3476460FC";2;"AVAILABLE";"";""
1686;"DP";"DP";"4325032074121";"DH Perf skis, boots, poles";"DH Per";"1";1;0;"11EBB7AB0C0D7033987A6AF3476460FC";2;"AVAILABLE";"";""
1687;"DP";"DP";"4325032074121";"DH Perf skis, boots, poles";"DH Per";"1";1;0;"11EBB7AB0C0D7033987A6AF3476460FC";2;"AVAILABLE";"";""
1688;"DP";"DP";"4325032074121";"DH Perf skis, boots, poles";"DH Per";"1";1;0;"11EBB7AB0C0D7033987A6AF3476460FC";2;"AVAILABLE";"";""
1689;"DP";"DP";"4325032074121";"DH Perf skis, boots, poles";"DH Per";"1";1;0;"11EBB7AB0C0D7033987A6AF3476460FC";2;"AVAILABLE";"";""
1690;"DP";"DP";"4325032074121";"DH Perf skis, boots, poles";"DH Per";"1";1;0;"11EBB7AB0C0D7033987A6AF3476460FC";2;"AVAILABLE";"";""
1691;"DPS";"DPS";"4325032074121";"DH U5 skis, boots, poles";"DH U6";"1";1;0;"11EAF25675CE3928A1626AF3476460FC";2;"AVAILABLE";"";""
1692;"DPS";"DPS";"4325032074121";"DH U5 skis, boots, poles";"DH U6";"1";1;0;"11EAF25675CE3928A1626AF3476460FC";2;"AVAILABLE";"";""
1693;"DPS";"DPS";"4325032074121";"DH U5 skis, boots, poles";"DH U6";"1";1;0;"11EAF25675CE3928A1626AF3476460FC";2;"AVAILABLE";"";""
1694;"DPS";"DPS";"4325032074121";"DH U5 skis, boots, poles";"DH U6";"1";1;0;"11EAF25675CE3928A1626AF3476460FC";2;"AVAILABLE";"";""
1695;"DPS";"DPS";"4325032074121";"DH U5 skis, boots, poles";"DH U6";"1";1;0;"11EAF25675CE3928A1626AF3476460FC";2;"AVAILABLE";"";""
1696;"DPS";"DPS";"4325032074121";"DH U5 skis, boots, poles";"DH U6";"1";1;0;"11EAF25675CE3928A1626AF3476460FC";2;"AVAILABLE";"";""
1697;"DPS";"DPS";"4325032074121";"DH U5 skis, boots, poles";"DH U6";"1";1;0;"11EAF25675CE3928A1626AF3476460FC";2;"AVAILABLE";"";""
1698;"DPS";"DPS";"4325032074121";"DH U5 skis, boots, poles";"DH U6";"1";1;0;"11EAF25675CE3928A1626AF3476460FC";2;"AVAILABLE";"";""
1699;"DPS";"DPS";"4325032074121";"DH U5 skis, boots, poles";"DH U6";"1";1;0;"11EAF25675CE3928A1626AF3476460FC";2;"AVAILABLE";"";""
1700;"DPS";"DPS";"4325032074121";"DH U5 skis, boots, poles";"DH U6";"1";1;0;"11EAF25675CE3928A1626AF3476460FC";2;"AVAILABLE";"";""
1701;"G";"G";"4325032074121";"Goggles";"Goggle";"1";1;0;"11EBB7AB0C0D9760987A6AF3476460FC";18;"AVAILABLE";"";""
1702;"G";"G";"4325032074121";"Goggles";"Goggle";"1";1;0;"11EBB7AB0C0D9760987A6AF3476460FC";18;"AVAILABLE";"";""
1703;"G";"G";"4325032074121";"Goggles";"Goggle";"1";1;0;"11EBB7AB0C0D9760987A6AF3476460FC";18;"AVAILABLE";"";""
1704;"G";"G";"4325032074121";"Goggles";"Goggle";"1";1;0;"11EBB7AB0C0D9760987A6AF3476460FC";18;"AVAILABLE";"";""
1705;"G";"G";"4325032074121";"Goggles";"Goggle";"1";1;0;"11EBB7AB0C0D9760987A6AF3476460FC";18;"AVAILABLE";"";""
1706;"G";"G";"4325032074121";"Goggles";"Goggle";"1";1;0;"11EBB7AB0C0D9760987A6AF3476460FC";18;"AVAILABLE";"";""
1707;"G";"G";"4325032074121";"Goggles";"Goggle";"1";1;0;"11EBB7AB0C0D9760987A6AF3476460FC";18;"AVAILABLE";"";""
1708;"G";"G";"4325032074121";"Goggles";"Goggle";"1";1;0;"11EBB7AB0C0D9760987A6AF3476460FC";18;"AVAILABLE";"";""
1709;"G";"G";"4325032074121";"Goggles";"Goggle";"1";1;0;"11EBB7AB0C0D9760987A6AF3476460FC";18;"AVAILABLE";"";""
1710;"G";"G";"4325032074121";"Goggles";"Goggle";"1";1;0;"11EBB7AB0C0D9760987A6AF3476460FC";18;"AVAILABLE";"";""
1711;"H";"H";"4325032074121";"Helmet";"Helmet";"1";1;0;"11EBB7AB0C0D975A987A6AF3476460FC";1;"AVAILABLE";"";""
1712;"H";"H";"4325032074121";"Helmet";"Helmet";"1";1;0;"11EBB7AB0C0D975A987A6AF3476460FC";1;"AVAILABLE";"";""
1713;"H";"H";"4325032074121";"Helmet";"Helmet";"1";1;0;"11EBB7AB0C0D975A987A6AF3476460FC";1;"AVAILABLE";"";""
1714;"H";"H";"4325032074121";"Helmet";"Helmet";"1";1;0;"11EBB7AB0C0D975A987A6AF3476460FC";1;"AVAILABLE";"";""
1715;"H";"H";"4325032074121";"Helmet";"Helmet";"1";1;0;"11EBB7AB0C0D975A987A6AF3476460FC";1;"AVAILABLE";"";""
1716;"H";"H";"4325032074121";"Helmet";"Helmet";"1";1;0;"11EBB7AB0C0D975A987A6AF3476460FC";1;"AVAILABLE";"";""
1717;"H";"H";"4325032074121";"Helmet";"Helmet";"1";1;0;"11EBB7AB0C0D975A987A6AF3476460FC";1;"AVAILABLE";"";""
1718;"H";"H";"4325032074121";"Helmet";"Helmet";"1";1;0;"11EBB7AB0C0D975A987A6AF3476460FC";1;"AVAILABLE";"";""
1719;"H";"H";"4325032074121";"Helmet";"Helmet";"1";1;0;"11EBB7AB0C0D975A987A6AF3476460FC";1;"AVAILABLE";"";""
1720;"H";"H";"4325032074121";"Helmet";"Helmet";"1";1;0;"11EBB7AB0C0D975A987A6AF3476460FC";1;"AVAILABLE";"";""
1721;"HG";"HG";"4325032074121";"Helmet & Goggles";"Helm/gogg";"1";1;0;"11EBB7AB0C0D9764987A6AF3476460FC";1;"AVAILABLE";"";""
1722;"HG";"HG";"4325032074121";"Helmet & Goggles";"Helm/gogg";"1";1;0;"11EBB7AB0C0D9764987A6AF3476460FC";1;"AVAILABLE";"";""
1723;"HG";"HG";"4325032074121";"Helmet & Goggles";"Helm/gogg";"1";1;0;"11EBB7AB0C0D9764987A6AF3476460FC";1;"AVAILABLE";"";""
1724;"HG";"HG";"4325032074121";"Helmet & Goggles";"Helm/gogg";"1";1;0;"11EBB7AB0C0D9764987A6AF3476460FC";1;"AVAILABLE";"";""
1725;"HG";"HG";"4325032074121";"Helmet & Goggles";"Helm/gogg";"1";1;0;"11EBB7AB0C0D9764987A6AF3476460FC";1;"AVAILABLE";"";""
1726;"HG";"HG";"4325032074121";"Helmet & Goggles";"Helm/gogg";"1";1;0;"11EBB7AB0C0D9764987A6AF3476460FC";1;"AVAILABLE";"";""
1727;"HG";"HG";"4325032074121";"Helmet & Goggles";"Helm/gogg";"1";1;0;"11EBB7AB0C0D9764987A6AF3476460FC";1;"AVAILABLE";"";""
1728;"HG";"HG";"4325032074121";"Helmet & Goggles";"Helm/gogg";"1";1;0;"11EBB7AB0C0D9764987A6AF3476460FC";1;"AVAILABLE";"";""
1729;"HG";"HG";"4325032074121";"Helmet & Goggles";"Helm/gogg";"1";1;0;"11EBB7AB0C0D9764987A6AF3476460FC";1;"AVAILABLE";"";""
1730;"HG";"HG";"4325032074121";"Helmet & Goggles";"Helm/gogg";"1";1;0;"11EBB7AB0C0D9764987A6AF3476460FC";1;"AVAILABLE";"";""
1731;"HK";"HK";"4325032074121";"Helmet kids";"Helm U14";"1";1;0;"11EBB7AB0C0D975C987A6AF3476460FC";1;"AVAILABLE";"";""
1732;"HK";"HK";"4325032074121";"Helmet kids";"Helm U14";"1";1;0;"11EBB7AB0C0D975C987A6AF3476460FC";1;"AVAILABLE";"";""
1733;"HK";"HK";"4325032074121";"Helmet kids";"Helm U14";"1";1;0;"11EBB7AB0C0D975C987A6AF3476460FC";1;"AVAILABLE";"";""
1734;"HK";"HK";"4325032074121";"Helmet kids";"Helm U14";"1";1;0;"11EBB7AB0C0D975C987A6AF3476460FC";1;"AVAILABLE";"";""
1735;"HK";"HK";"4325032074121";"Helmet kids";"Helm U14";"1";1;0;"11EBB7AB0C0D975C987A6AF3476460FC";1;"AVAILABLE";"";""
1736;"HK";"HK";"4325032074121";"Helmet kids";"Helm U14";"1";1;0;"11EBB7AB0C0D975C987A6AF3476460FC";1;"AVAILABLE";"";""
1737;"HK";"HK";"4325032074121";"Helmet kids";"Helm U14";"1";1;0;"11EBB7AB0C0D975C987A6AF3476460FC";1;"AVAILABLE";"";""
1738;"HK";"HK";"4325032074121";"Helmet kids";"Helm U14";"1";1;0;"11EBB7AB0C0D975C987A6AF3476460FC";1;"AVAILABLE";"";""
1739;"HK";"HK";"4325032074121";"Helmet kids";"Helm U14";"1";1;0;"11EBB7AB0C0D975C987A6AF3476460FC";1;"AVAILABLE";"";""
1740;"HK";"HK";"4325032074121";"Helmet kids";"Helm U14";"1";1;0;"11EBB7AB0C0D975C987A6AF3476460FC";1;"AVAILABLE";"";""
1741;"HWG";"HWG";"4325032074121";"Helmet & WG";"Helm/WG";"1";1;0;"11EBB7AB0C0D9766987A6AF3476460FC";1;"AVAILABLE";"";""
1742;"HWG";"HWG";"4325032074121";"Helmet & WG";"Helm/WG";"1";1;0;"11EBB7AB0C0D9766987A6AF3476460FC";1;"AVAILABLE";"";""
1743;"HWG";"HWG";"4325032074121";"Helmet & WG";"Helm/WG";"1";1;0;"11EBB7AB0C0D9766987A6AF3476460FC";1;"AVAILABLE";"";""
1744;"HWG";"HWG";"4325032074121";"Helmet & WG";"Helm/WG";"1";1;0;"11EBB7AB0C0D9766987A6AF3476460FC";1;"AVAILABLE";"";""
1745;"HWG";"HWG";"4325032074121";"Helmet & WG";"Helm/WG";"1";1;0;"11EBB7AB0C0D9766987A6AF3476460FC";1;"AVAILABLE";"";""
1746;"HWG";"HWG";"4325032074121";"Helmet & WG";"Helm/WG";"1";1;0;"11EBB7AB0C0D9766987A6AF3476460FC";1;"AVAILABLE";"";""
1747;"HWG";"HWG";"4325032074121";"Helmet & WG";"Helm/WG";"1";1;0;"11EBB7AB0C0D9766987A6AF3476460FC";1;"AVAILABLE";"";""
1748;"HWG";"HWG";"4325032074121";"Helmet & WG";"Helm/WG";"1";1;0;"11EBB7AB0C0D9766987A6AF3476460FC";1;"AVAILABLE";"";""
1749;"HWG";"HWG";"4325032074121";"Helmet & WG";"Helm/WG";"1";1;0;"11EBB7AB0C0D9766987A6AF3476460FC";1;"AVAILABLE";"";""
1750;"HWG";"HWG";"4325032074121";"Helmet & WG";"Helm/WG";"1";1;0;"11EBB7AB0C0D9766987A6AF3476460FC";1;"AVAILABLE";"";""
1751;"IB";"IB";"4325032074121";"Intermediate Boot only";"Int Boot";"1";1;0;"11EBB7AB0C0DBE5A987A6AF3476460FC";12;"AVAILABLE";"";""
1752;"IB";"IB";"4325032074121";"Intermediate Boot only";"Int Boot";"1";1;0;"11EBB7AB0C0DBE5A987A6AF3476460FC";12;"AVAILABLE";"";""
1753;"IB";"IB";"4325032074121";"Intermediate Boot only";"Int Boot";"1";1;0;"11EBB7AB0C0DBE5A987A6AF3476460FC";12;"AVAILABLE";"";""
1754;"IB";"IB";"4325032074121";"Intermediate Boot only";"Int Boot";"1";1;0;"11EBB7AB0C0DBE5A987A6AF3476460FC";12;"AVAILABLE";"";""
1755;"IB";"IB";"4325032074121";"Intermediate Boot only";"Int Boot";"1";1;0;"11EBB7AB0C0DBE5A987A6AF3476460FC";12;"AVAILABLE";"";""
1756;"IB";"IB";"4325032074121";"Intermediate Boot only";"Int Boot";"1";1;0;"11EBB7AB0C0DBE5A987A6AF3476460FC";12;"AVAILABLE";"";""
1757;"IB";"IB";"4325032074121";"Intermediate Boot only";"Int Boot";"1";1;0;"11EBB7AB0C0DBE5A987A6AF3476460FC";12;"AVAILABLE";"";""
1758;"IB";"IB";"4325032074121";"Intermediate Boot only";"Int Boot";"1";1;0;"11EBB7AB0C0DBE5A987A6AF3476460FC";12;"AVAILABLE";"";""
1759;"IB";"IB";"4325032074121";"Intermediate Boot only";"Int Boot";"1";1;0;"11EBB7AB0C0DBE5A987A6AF3476460FC";12;"AVAILABLE";"";""
1760;"IB";"IB";"4325032074121";"Intermediate Boot only";"Int Boot";"1";1;0;"11EBB7AB0C0DBE5A987A6AF3476460FC";12;"AVAILABLE";"";""
1761;"ISKI";"ISKI";"4325032074121";"Intermediiate ski only";"Int ski";"1";1;0;"11EBB7AB0C0DBE58987A6AF3476460FC";15;"AVAILABLE";"";""
1762;"ISKI";"ISKI";"4325032074121";"Intermediiate ski only";"Int ski";"1";1;0;"11EBB7AB0C0DBE58987A6AF3476460FC";15;"AVAILABLE";"";""
1763;"ISKI";"ISKI";"4325032074121";"Intermediiate ski only";"Int ski";"1";1;0;"11EBB7AB0C0DBE58987A6AF3476460FC";15;"AVAILABLE";"";""
1764;"ISKI";"ISKI";"4325032074121";"Intermediiate ski only";"Int ski";"1";1;0;"11EBB7AB0C0DBE58987A6AF3476460FC";15;"AVAILABLE";"";""
1765;"ISKI";"ISKI";"4325032074121";"Intermediiate ski only";"Int ski";"1";1;0;"11EBB7AB0C0DBE58987A6AF3476460FC";15;"AVAILABLE";"";""
1766;"ISKI";"ISKI";"4325032074121";"Intermediiate ski only";"Int ski";"1";1;0;"11EBB7AB0C0DBE58987A6AF3476460FC";15;"AVAILABLE";"";""
1767;"ISKI";"ISKI";"4325032074121";"Intermediiate ski only";"Int ski";"1";1;0;"11EBB7AB0C0DBE58987A6AF3476460FC";15;"AVAILABLE";"";""
1768;"ISKI";"ISKI";"4325032074121";"Intermediiate ski only";"Int ski";"1";1;0;"11EBB7AB0C0DBE58987A6AF3476460FC";15;"AVAILABLE";"";""
1769;"ISKI";"ISKI";"4325032074121";"Intermediiate ski only";"Int ski";"1";1;0;"11EBB7AB0C0DBE58987A6AF3476460FC";15;"AVAILABLE";"";""
1770;"ISKI";"ISKI";"4325032074121";"Intermediiate ski only";"Int ski";"1";1;0;"11EBB7AB0C0DBE58987A6AF3476460FC";15;"AVAILABLE";"";""
1771;"J";"J";"4325032074121";"Jacket Adults";"Jacket";"1";1;0;"11EBB7AB0C0DBE5E987A6AF3476460FC";13;"AVAILABLE";"";""
1772;"J";"J";"4325032074121";"Jacket Adults";"Jacket";"1";1;0;"11EBB7AB0C0DBE5E987A6AF3476460FC";13;"AVAILABLE";"";""
1773;"J";"J";"4325032074121";"Jacket Adults";"Jacket";"1";1;0;"11EBB7AB0C0DBE5E987A6AF3476460FC";13;"AVAILABLE";"";""
1774;"J";"J";"4325032074121";"Jacket Adults";"Jacket";"1";1;0;"11EBB7AB0C0DBE5E987A6AF3476460FC";13;"AVAILABLE";"";""
1775;"J";"J";"4325032074121";"Jacket Adults";"Jacket";"1";1;0;"11EBB7AB0C0DBE5E987A6AF3476460FC";13;"AVAILABLE";"";""
1776;"J";"J";"4325032074121";"Jacket Adults";"Jacket";"1";1;0;"11EBB7AB0C0DBE5E987A6AF3476460FC";13;"AVAILABLE";"";""
1777;"J";"J";"4325032074121";"Jacket Adults";"Jacket";"1";1;0;"11EBB7AB0C0DBE5E987A6AF3476460FC";13;"AVAILABLE";"";""
1778;"J";"J";"4325032074121";"Jacket Adults";"Jacket";"1";1;0;"11EBB7AB0C0DBE5E987A6AF3476460FC";13;"AVAILABLE";"";""
1779;"J";"J";"4325032074121";"Jacket Adults";"Jacket";"1";1;0;"11EBB7AB0C0DBE5E987A6AF3476460FC";13;"AVAILABLE";"";""
1780;"J";"J";"4325032074121";"Jacket Adults";"Jacket";"1";1;0;"11EBB7AB0C0DBE5E987A6AF3476460FC";13;"AVAILABLE";"";""
1781;"JK";"JK";"4325032074121";"Jacket U6";"Jacket U6";"1";1;0;"11EBB7AB0C0DBE60987A6AF3476460FC";13;"AVAILABLE";"";""
1782;"JK";"JK";"4325032074121";"Jacket U6";"Jacket U6";"1";1;0;"11EBB7AB0C0DBE60987A6AF3476460FC";13;"AVAILABLE";"";""
1783;"JK";"JK";"4325032074121";"Jacket U6";"Jacket U6";"1";1;0;"11EBB7AB0C0DBE60987A6AF3476460FC";13;"AVAILABLE";"";""
1784;"JK";"JK";"4325032074121";"Jacket U6";"Jacket U6";"1";1;0;"11EBB7AB0C0DBE60987A6AF3476460FC";13;"AVAILABLE";"";""
1785;"JK";"JK";"4325032074121";"Jacket U6";"Jacket U6";"1";1;0;"11EBB7AB0C0DBE60987A6AF3476460FC";13;"AVAILABLE";"";""
1786;"JK";"JK";"4325032074121";"Jacket U6";"Jacket U6";"1";1;0;"11EBB7AB0C0DBE60987A6AF3476460FC";13;"AVAILABLE";"";""
1787;"JK";"JK";"4325032074121";"Jacket U6";"Jacket U6";"1";1;0;"11EBB7AB0C0DBE60987A6AF3476460FC";13;"AVAILABLE";"";""
1788;"JK";"JK";"4325032074121";"Jacket U6";"Jacket U6";"1";1;0;"11EBB7AB0C0DBE60987A6AF3476460FC";13;"AVAILABLE";"";""
1789;"JK";"JK";"4325032074121";"Jacket U6";"Jacket U6";"1";1;0;"11EBB7AB0C0DBE60987A6AF3476460FC";13;"AVAILABLE";"";""
1790;"JK";"JK";"4325032074121";"Jacket U6";"Jacket U6";"1";1;0;"11EBB7AB0C0DBE60987A6AF3476460FC";13;"AVAILABLE";"";""
1791;"JY";"JY";"4325032074121";"Jacket U15";"Jacket U15";"1";1;0;"11EBB7AB0C0DBE62987A6AF3476460FC";13;"AVAILABLE";"";""
1792;"JY";"JY";"4325032074121";"Jacket U15";"Jacket U15";"1";1;0;"11EBB7AB0C0DBE62987A6AF3476460FC";13;"AVAILABLE";"";""
1793;"JY";"JY";"4325032074121";"Jacket U15";"Jacket U15";"1";1;0;"11EBB7AB0C0DBE62987A6AF3476460FC";13;"AVAILABLE";"";""
1794;"JY";"JY";"4325032074121";"Jacket U15";"Jacket U15";"1";1;0;"11EBB7AB0C0DBE62987A6AF3476460FC";13;"AVAILABLE";"";""
1795;"JY";"JY";"4325032074121";"Jacket U15";"Jacket U15";"1";1;0;"11EBB7AB0C0DBE62987A6AF3476460FC";13;"AVAILABLE";"";""
1796;"JY";"JY";"4325032074121";"Jacket U15";"Jacket U15";"1";1;0;"11EBB7AB0C0DBE62987A6AF3476460FC";13;"AVAILABLE";"";""
1797;"JY";"JY";"4325032074121";"Jacket U15";"Jacket U15";"1";1;0;"11EBB7AB0C0DBE62987A6AF3476460FC";13;"AVAILABLE";"";""
1798;"JY";"JY";"4325032074121";"Jacket U15";"Jacket U15";"1";1;0;"11EBB7AB0C0DBE62987A6AF3476460FC";13;"AVAILABLE";"";""
1799;"JY";"JY";"4325032074121";"Jacket U15";"Jacket U15";"1";1;0;"11EBB7AB0C0DBE62987A6AF3476460FC";13;"AVAILABLE";"";""
1800;"JY";"JY";"4325032074121";"Jacket U15";"Jacket U15";"1";1;0;"11EBB7AB0C0DBE62987A6AF3476460FC";13;"AVAILABLE";"";""
1801;"LC";"LC";"4325032074121";"Ladder Chain Hire";"Ladder";"1";1;0;"11EBB7AB0C0D976A987A6AF3476460FC";17;"AVAILABLE";"";""
1802;"LC";"LC";"4325032074121";"Ladder Chain Hire";"Ladder";"1";1;0;"11EBB7AB0C0D976A987A6AF3476460FC";17;"AVAILABLE";"";""
1803;"LC";"LC";"4325032074121";"Ladder Chain Hire";"Ladder";"1";1;0;"11EBB7AB0C0D976A987A6AF3476460FC";17;"AVAILABLE";"";""
1804;"LC";"LC";"4325032074121";"Ladder Chain Hire";"Ladder";"1";1;0;"11EBB7AB0C0D976A987A6AF3476460FC";17;"AVAILABLE";"";""
1805;"LC";"LC";"4325032074121";"Ladder Chain Hire";"Ladder";"1";1;0;"11EBB7AB0C0D976A987A6AF3476460FC";17;"AVAILABLE";"";""
1806;"LC";"LC";"4325032074121";"Ladder Chain Hire";"Ladder";"1";1;0;"11EBB7AB0C0D976A987A6AF3476460FC";17;"AVAILABLE";"";""
1807;"LC";"LC";"4325032074121";"Ladder Chain Hire";"Ladder";"1";1;0;"11EBB7AB0C0D976A987A6AF3476460FC";17;"AVAILABLE";"";""
1808;"LC";"LC";"4325032074121";"Ladder Chain Hire";"Ladder";"1";1;0;"11EBB7AB0C0D976A987A6AF3476460FC";17;"AVAILABLE";"";""
1809;"LC";"LC";"4325032074121";"Ladder Chain Hire";"Ladder";"1";1;0;"11EBB7AB0C0D976A987A6AF3476460FC";17;"AVAILABLE";"";""
1810;"LC";"LC";"4325032074121";"Ladder Chain Hire";"Ladder";"1";1;0;"11EBB7AB0C0D976A987A6AF3476460FC";17;"AVAILABLE";"";""
1811;"P";"P";"4325032074121";"Pants Adult";"P or P";"1";1;0;"11EBB7AB0C0D9744987A6AF3476460FC";14;"AVAILABLE";"";""
1812;"P";"P";"4325032074121";"Pants Adult";"P or P";"1";1;0;"11EBB7AB0C0D9744987A6AF3476460FC";14;"AVAILABLE";"";""
1813;"P";"P";"4325032074121";"Pants Adult";"P or P";"1";1;0;"11EBB7AB0C0D9744987A6AF3476460FC";14;"AVAILABLE";"";""
1814;"P";"P";"4325032074121";"Pants Adult";"P or P";"1";1;0;"11EBB7AB0C0D9744987A6AF3476460FC";14;"AVAILABLE";"";""
1815;"P";"P";"4325032074121";"Pants Adult";"P or P";"1";1;0;"11EBB7AB0C0D9744987A6AF3476460FC";14;"AVAILABLE";"";""
1816;"P";"P";"4325032074121";"Pants Adult";"P or P";"1";1;0;"11EBB7AB0C0D9744987A6AF3476460FC";14;"AVAILABLE";"";""
1817;"P";"P";"4325032074121";"Pants Adult";"P or P";"1";1;0;"11EBB7AB0C0D9744987A6AF3476460FC";14;"AVAILABLE";"";""
1818;"P";"P";"4325032074121";"Pants Adult";"P or P";"1";1;0;"11EBB7AB0C0D9744987A6AF3476460FC";14;"AVAILABLE";"";""
1819;"P";"P";"4325032074121";"Pants Adult";"P or P";"1";1;0;"11EBB7AB0C0D9744987A6AF3476460FC";14;"AVAILABLE";"";""
1820;"P";"P";"4325032074121";"Pants Adult";"P or P";"1";1;0;"11EBB7AB0C0D9744987A6AF3476460FC";14;"AVAILABLE";"";""
1821;"PB";"PB";"4325032074121";"Performance Boot Only";"Per Boot";"1";1;0;"11EBB7AB0C0DBE64987A6AF3476460FC";12;"AVAILABLE";"";""
1822;"PB";"PB";"4325032074121";"Performance Boot Only";"Per Boot";"1";1;0;"11EBB7AB0C0DBE64987A6AF3476460FC";12;"AVAILABLE";"";""
1823;"PB";"PB";"4325032074121";"Performance Boot Only";"Per Boot";"1";1;0;"11EBB7AB0C0DBE64987A6AF3476460FC";12;"AVAILABLE";"";""
1824;"PB";"PB";"4325032074121";"Performance Boot Only";"Per Boot";"1";1;0;"11EBB7AB0C0DBE64987A6AF3476460FC";12;"AVAILABLE";"";""
1825;"PB";"PB";"4325032074121";"Performance Boot Only";"Per Boot";"1";1;0;"11EBB7AB0C0DBE64987A6AF3476460FC";12;"AVAILABLE";"";""
1826;"PB";"PB";"4325032074121";"Performance Boot Only";"Per Boot";"1";1;0;"11EBB7AB0C0DBE64987A6AF3476460FC";12;"AVAILABLE";"";""
1827;"PB";"PB";"4325032074121";"Performance Boot Only";"Per Boot";"1";1;0;"11EBB7AB0C0DBE64987A6AF3476460FC";12;"AVAILABLE";"";""
1828;"PB";"PB";"4325032074121";"Performance Boot Only";"Per Boot";"1";1;0;"11EBB7AB0C0DBE64987A6AF3476460FC";12;"AVAILABLE";"";""
1829;"PB";"PB";"4325032074121";"Performance Boot Only";"Per Boot";"1";1;0;"11EBB7AB0C0DBE64987A6AF3476460FC";12;"AVAILABLE";"";""
1830;"PB";"PB";"4325032074121";"Performance Boot Only";"Per Boot";"1";1;0;"11EBB7AB0C0DBE64987A6AF3476460FC";12;"AVAILABLE";"";""
1831;"PK";"PK";"4325032074121";"Pants or Parka U6";"PorPK";"1";1;0;"11EBB7AB0C0D974D987A6AF3476460FC";14;"AVAILABLE";"";""
1832;"PK";"PK";"4325032074121";"Pants or Parka U6";"PorPK";"1";1;0;"11EBB7AB0C0D974D987A6AF3476460FC";14;"AVAILABLE";"";""
1833;"PK";"PK";"4325032074121";"Pants or Parka U6";"PorPK";"1";1;0;"11EBB7AB0C0D974D987A6AF3476460FC";14;"AVAILABLE";"";""
1834;"PK";"PK";"4325032074121";"Pants or Parka U6";"PorPK";"1";1;0;"11EBB7AB0C0D974D987A6AF3476460FC";14;"AVAILABLE";"";""
1835;"PK";"PK";"4325032074121";"Pants or Parka U6";"PorPK";"1";1;0;"11EBB7AB0C0D974D987A6AF3476460FC";14;"AVAILABLE";"";""
1836;"PK";"PK";"4325032074121";"Pants or Parka U6";"PorPK";"1";1;0;"11EBB7AB0C0D974D987A6AF3476460FC";14;"AVAILABLE";"";""
1837;"PK";"PK";"4325032074121";"Pants or Parka U6";"PorPK";"1";1;0;"11EBB7AB0C0D974D987A6AF3476460FC";14;"AVAILABLE";"";""
1838;"PK";"PK";"4325032074121";"Pants or Parka U6";"PorPK";"1";1;0;"11EBB7AB0C0D974D987A6AF3476460FC";14;"AVAILABLE";"";""
1839;"PK";"PK";"4325032074121";"Pants or Parka U6";"PorPK";"1";1;0;"11EBB7AB0C0D974D987A6AF3476460FC";14;"AVAILABLE";"";""
1840;"PK";"PK";"4325032074121";"Pants or Parka U6";"PorPK";"1";1;0;"11EBB7AB0C0D974D987A6AF3476460FC";14;"AVAILABLE";"";""
1841;"Poles";"Poles";"4325032074121";"Poles Only";"Poles";"1";1;0;"11EBB7AB0C0D9762987A6AF3476460FC";2;"AVAILABLE";"";""
1842;"Poles";"Poles";"4325032074121";"Poles Only";"Poles";"1";1;0;"11EBB7AB0C0D9762987A6AF3476460FC";2;"AVAILABLE";"";""
1843;"Poles";"Poles";"4325032074121";"Poles Only";"Poles";"1";1;0;"11EBB7AB0C0D9762987A6AF3476460FC";2;"AVAILABLE";"";""
1844;"Poles";"Poles";"4325032074121";"Poles Only";"Poles";"1";1;0;"11EBB7AB0C0D9762987A6AF3476460FC";2;"AVAILABLE";"";""
1845;"Poles";"Poles";"4325032074121";"Poles Only";"Poles";"1";1;0;"11EBB7AB0C0D9762987A6AF3476460FC";2;"AVAILABLE";"";""
1846;"Poles";"Poles";"4325032074121";"Poles Only";"Poles";"1";1;0;"11EBB7AB0C0D9762987A6AF3476460FC";2;"AVAILABLE";"";""
1847;"Poles";"Poles";"4325032074121";"Poles Only";"Poles";"1";1;0;"11EBB7AB0C0D9762987A6AF3476460FC";2;"AVAILABLE";"";""
1848;"Poles";"Poles";"4325032074121";"Poles Only";"Poles";"1";1;0;"11EBB7AB0C0D9762987A6AF3476460FC";2;"AVAILABLE";"";""
1849;"Poles";"Poles";"4325032074121";"Poles Only";"Poles";"1";1;0;"11EBB7AB0C0D9762987A6AF3476460FC";2;"AVAILABLE";"";""
1850;"Poles";"Poles";"4325032074121";"Poles Only";"Poles";"1";1;0;"11EBB7AB0C0D9762987A6AF3476460FC";2;"AVAILABLE";"";""
1851;"PP";"PP";"4325032074121";"Pants and Parka Adult";"P&P";"1";1;0;"11EBB7AB0C0D9747987A6AF3476460FC";14;"AVAILABLE";"";""
1852;"PP";"PP";"4325032074121";"Pants and Parka Adult";"P&P";"1";1;0;"11EBB7AB0C0D9747987A6AF3476460FC";14;"AVAILABLE";"";""
1853;"PP";"PP";"4325032074121";"Pants and Parka Adult";"P&P";"1";1;0;"11EBB7AB0C0D9747987A6AF3476460FC";14;"AVAILABLE";"";""
1854;"PP";"PP";"4325032074121";"Pants and Parka Adult";"P&P";"1";1;0;"11EBB7AB0C0D9747987A6AF3476460FC";14;"AVAILABLE";"";""
1855;"PP";"PP";"4325032074121";"Pants and Parka Adult";"P&P";"1";1;0;"11EBB7AB0C0D9747987A6AF3476460FC";14;"AVAILABLE";"";""
1856;"PP";"PP";"4325032074121";"Pants and Parka Adult";"P&P";"1";1;0;"11EBB7AB0C0D9747987A6AF3476460FC";14;"AVAILABLE";"";""
1857;"PP";"PP";"4325032074121";"Pants and Parka Adult";"P&P";"1";1;0;"11EBB7AB0C0D9747987A6AF3476460FC";14;"AVAILABLE";"";""
1858;"PP";"PP";"4325032074121";"Pants and Parka Adult";"P&P";"1";1;0;"11EBB7AB0C0D9747987A6AF3476460FC";14;"AVAILABLE";"";""
1859;"PP";"PP";"4325032074121";"Pants and Parka Adult";"P&P";"1";1;0;"11EBB7AB0C0D9747987A6AF3476460FC";14;"AVAILABLE";"";""
1860;"PP";"PP";"4325032074121";"Pants and Parka Adult";"P&P";"1";1;0;"11EBB7AB0C0D9747987A6AF3476460FC";14;"AVAILABLE";"";""
1861;"PPK";"PPK";"4325032074121";"Pants and Parka/suit U6";"P&PK";"1";1;0;"11EBB7AB0C0D974A987A6AF3476460FC";14;"AVAILABLE";"";""
1862;"PPK";"PPK";"4325032074121";"Pants and Parka/suit U6";"P&PK";"1";1;0;"11EBB7AB0C0D974A987A6AF3476460FC";14;"AVAILABLE";"";""
1863;"PPK";"PPK";"4325032074121";"Pants and Parka/suit U6";"P&PK";"1";1;0;"11EBB7AB0C0D974A987A6AF3476460FC";14;"AVAILABLE";"";""
1864;"PPK";"PPK";"4325032074121";"Pants and Parka/suit U6";"P&PK";"1";1;0;"11EBB7AB0C0D974A987A6AF3476460FC";14;"AVAILABLE";"";""
1865;"PPK";"PPK";"4325032074121";"Pants and Parka/suit U6";"P&PK";"1";1;0;"11EBB7AB0C0D974A987A6AF3476460FC";14;"AVAILABLE";"";""
1866;"PPK";"PPK";"4325032074121";"Pants and Parka/suit U6";"P&PK";"1";1;0;"11EBB7AB0C0D974A987A6AF3476460FC";14;"AVAILABLE";"";""
1867;"PPK";"PPK";"4325032074121";"Pants and Parka/suit U6";"P&PK";"1";1;0;"11EBB7AB0C0D974A987A6AF3476460FC";14;"AVAILABLE";"";""
1868;"PPK";"PPK";"4325032074121";"Pants and Parka/suit U6";"P&PK";"1";1;0;"11EBB7AB0C0D974A987A6AF3476460FC";14;"AVAILABLE";"";""
1869;"PPK";"PPK";"4325032074121";"Pants and Parka/suit U6";"P&PK";"1";1;0;"11EBB7AB0C0D974A987A6AF3476460FC";14;"AVAILABLE";"";""
1870;"PPK";"PPK";"4325032074121";"Pants and Parka/suit U6";"P&PK";"1";1;0;"11EBB7AB0C0D974A987A6AF3476460FC";14;"AVAILABLE";"";""
1871;"PPY";"PPY";"4325032074121";"Pants and Parka U14";"P&PY";"1";1;0;"11EBB7AB0C0D9753987A6AF3476460FC";14;"AVAILABLE";"";""
1872;"PPY";"PPY";"4325032074121";"Pants and Parka U14";"P&PY";"1";1;0;"11EBB7AB0C0D9753987A6AF3476460FC";14;"AVAILABLE";"";""
1873;"PPY";"PPY";"4325032074121";"Pants and Parka U14";"P&PY";"1";1;0;"11EBB7AB0C0D9753987A6AF3476460FC";14;"AVAILABLE";"";""
1874;"PPY";"PPY";"4325032074121";"Pants and Parka U14";"P&PY";"1";1;0;"11EBB7AB0C0D9753987A6AF3476460FC";14;"AVAILABLE";"";""
1875;"PPY";"PPY";"4325032074121";"Pants and Parka U14";"P&PY";"1";1;0;"11EBB7AB0C0D9753987A6AF3476460FC";14;"AVAILABLE";"";""
1876;"PPY";"PPY";"4325032074121";"Pants and Parka U14";"P&PY";"1";1;0;"11EBB7AB0C0D9753987A6AF3476460FC";14;"AVAILABLE";"";""
1877;"PPY";"PPY";"4325032074121";"Pants and Parka U14";"P&PY";"1";1;0;"11EBB7AB0C0D9753987A6AF3476460FC";14;"AVAILABLE";"";""
1878;"PPY";"PPY";"4325032074121";"Pants and Parka U14";"P&PY";"1";1;0;"11EBB7AB0C0D9753987A6AF3476460FC";14;"AVAILABLE";"";""
1879;"PPY";"PPY";"4325032074121";"Pants and Parka U14";"P&PY";"1";1;0;"11EBB7AB0C0D9753987A6AF3476460FC";14;"AVAILABLE";"";""
1880;"PPY";"PPY";"4325032074121";"Pants and Parka U14";"P&PY";"1";1;0;"11EBB7AB0C0D9753987A6AF3476460FC";14;"AVAILABLE";"";""
1881;"PSKI";"PSKI";"4325032074121";"Performance ski only";"Per ski";"1";1;0;"11EBB7AB0C0DBE56987A6AF3476460FC";15;"AVAILABLE";"";""
1882;"PSKI";"PSKI";"4325032074121";"Performance ski only";"Per ski";"1";1;0;"11EBB7AB0C0DBE56987A6AF3476460FC";15;"AVAILABLE";"";""
1883;"PSKI";"PSKI";"4325032074121";"Performance ski only";"Per ski";"1";1;0;"11EBB7AB0C0DBE56987A6AF3476460FC";15;"AVAILABLE";"";""
1884;"PSKI";"PSKI";"4325032074121";"Performance ski only";"Per ski";"1";1;0;"11EBB7AB0C0DBE56987A6AF3476460FC";15;"AVAILABLE";"";""
1885;"PSKI";"PSKI";"4325032074121";"Performance ski only";"Per ski";"1";1;0;"11EBB7AB0C0DBE56987A6AF3476460FC";15;"AVAILABLE";"";""
1886;"PSKI";"PSKI";"4325032074121";"Performance ski only";"Per ski";"1";1;0;"11EBB7AB0C0DBE56987A6AF3476460FC";15;"AVAILABLE";"";""
1887;"PSKI";"PSKI";"4325032074121";"Performance ski only";"Per ski";"1";1;0;"11EBB7AB0C0DBE56987A6AF3476460FC";15;"AVAILABLE";"";""
1888;"PSKI";"PSKI";"4325032074121";"Performance ski only";"Per ski";"1";1;0;"11EBB7AB0C0DBE56987A6AF3476460FC";15;"AVAILABLE";"";""
1889;"PSKI";"PSKI";"4325032074121";"Performance ski only";"Per ski";"1";1;0;"11EBB7AB0C0DBE56987A6AF3476460FC";15;"AVAILABLE";"";""
1890;"PSKI";"PSKI";"4325032074121";"Performance ski only";"Per ski";"1";1;0;"11EBB7AB0C0DBE56987A6AF3476460FC";15;"AVAILABLE";"";""
1891;"PY";"PY";"4325032074121";"Pants or Parka U14";"PorPY";"1";1;0;"11EBB7AB0C0D9750987A6AF3476460FC";14;"AVAILABLE";"";""
1892;"PY";"PY";"4325032074121";"Pants or Parka U14";"PorPY";"1";1;0;"11EBB7AB0C0D9750987A6AF3476460FC";14;"AVAILABLE";"";""
1893;"PY";"PY";"4325032074121";"Pants or Parka U14";"PorPY";"1";1;0;"11EBB7AB0C0D9750987A6AF3476460FC";14;"AVAILABLE";"";""
1894;"PY";"PY";"4325032074121";"Pants or Parka U14";"PorPY";"1";1;0;"11EBB7AB0C0D9750987A6AF3476460FC";14;"AVAILABLE";"";""
1895;"PY";"PY";"4325032074121";"Pants or Parka U14";"PorPY";"1";1;0;"11EBB7AB0C0D9750987A6AF3476460FC";14;"AVAILABLE";"";""
1896;"PY";"PY";"4325032074121";"Pants or Parka U14";"PorPY";"1";1;0;"11EBB7AB0C0D9750987A6AF3476460FC";14;"AVAILABLE";"";""
1897;"PY";"PY";"4325032074121";"Pants or Parka U14";"PorPY";"1";1;0;"11EBB7AB0C0D9750987A6AF3476460FC";14;"AVAILABLE";"";""
1898;"PY";"PY";"4325032074121";"Pants or Parka U14";"PorPY";"1";1;0;"11EBB7AB0C0D9750987A6AF3476460FC";14;"AVAILABLE";"";""
1899;"PY";"PY";"4325032074121";"Pants or Parka U14";"PorPY";"1";1;0;"11EBB7AB0C0D9750987A6AF3476460FC";14;"AVAILABLE";"";""
1900;"PY";"PY";"4325032074121";"Pants or Parka U14";"PorPY";"1";1;0;"11EBB7AB0C0D9750987A6AF3476460FC";14;"AVAILABLE";"";""
1901;"SB";"SB";"4325032074121";"SB & Boots - Budget";"SB Beg";"1";1;0;"11EAF2567780CB26A1626AF3476460FC";12;"AVAILABLE";"";""
1902;"SB";"SB";"4325032074121";"SB & Boots - Budget";"SB Beg";"1";1;0;"11EAF2567780CB26A1626AF3476460FC";12;"AVAILABLE";"";""
1903;"SB";"SB";"4325032074121";"SB & Boots - Budget";"SB Beg";"1";1;0;"11EAF2567780CB26A1626AF3476460FC";12;"AVAILABLE";"";""
1904;"SB";"SB";"4325032074121";"SB & Boots - Budget";"SB Beg";"1";1;0;"11EAF2567780CB26A1626AF3476460FC";12;"AVAILABLE";"";""
1905;"SB";"SB";"4325032074121";"SB & Boots - Budget";"SB Beg";"1";1;0;"11EAF2567780CB26A1626AF3476460FC";12;"AVAILABLE";"";""
1906;"SB";"SB";"4325032074121";"SB & Boots - Budget";"SB Beg";"1";1;0;"11EAF2567780CB26A1626AF3476460FC";12;"AVAILABLE";"";""
1907;"SB";"SB";"4325032074121";"SB & Boots - Budget";"SB Beg";"1";1;0;"11EAF2567780CB26A1626AF3476460FC";12;"AVAILABLE";"";""
1908;"SB";"SB";"4325032074121";"SB & Boots - Budget";"SB Beg";"1";1;0;"11EAF2567780CB26A1626AF3476460FC";12;"AVAILABLE";"";""
1909;"SB";"SB";"4325032074121";"SB & Boots - Budget";"SB Beg";"1";1;0;"11EAF2567780CB26A1626AF3476460FC";12;"AVAILABLE";"";""
1910;"SB";"SB";"4325032074121";"SB & Boots - Budget";"SB Beg";"1";1;0;"11EAF2567780CB26A1626AF3476460FC";12;"AVAILABLE";"";""
1911;"SBO";"SBO";"4325032074121";"Snowboard Only";"SB Only";"1";1;0;"11EBB7AB0C0D7043987A6AF3476460FC";19;"AVAILABLE";"";""
1912;"SBO";"SBO";"4325032074121";"Snowboard Only";"SB Only";"1";1;0;"11EBB7AB0C0D7043987A6AF3476460FC";19;"AVAILABLE";"";""
1913;"SBO";"SBO";"4325032074121";"Snowboard Only";"SB Only";"1";1;0;"11EBB7AB0C0D7043987A6AF3476460FC";19;"AVAILABLE";"";""
1914;"SBO";"SBO";"4325032074121";"Snowboard Only";"SB Only";"1";1;0;"11EBB7AB0C0D7043987A6AF3476460FC";19;"AVAILABLE";"";""
1915;"SBO";"SBO";"4325032074121";"Snowboard Only";"SB Only";"1";1;0;"11EBB7AB0C0D7043987A6AF3476460FC";19;"AVAILABLE";"";""
1916;"SBO";"SBO";"4325032074121";"Snowboard Only";"SB Only";"1";1;0;"11EBB7AB0C0D7043987A6AF3476460FC";19;"AVAILABLE";"";""
1917;"SBO";"SBO";"4325032074121";"Snowboard Only";"SB Only";"1";1;0;"11EBB7AB0C0D7043987A6AF3476460FC";19;"AVAILABLE";"";""
1918;"SBO";"SBO";"4325032074121";"Snowboard Only";"SB Only";"1";1;0;"11EBB7AB0C0D7043987A6AF3476460FC";19;"AVAILABLE";"";""
1919;"SBO";"SBO";"4325032074121";"Snowboard Only";"SB Only";"1";1;0;"11EBB7AB0C0D7043987A6AF3476460FC";19;"AVAILABLE";"";""
1920;"SBO";"SBO";"4325032074121";"Snowboard Only";"SB Only";"1";1;0;"11EBB7AB0C0D7043987A6AF3476460FC";19;"AVAILABLE";"";""
1921;"SI";"SI";"4325032074121";"SB & Boots Interm";"SB Inter";"1";1;0;"11EBB7AB0C0DBE5C987A6AF3476460FC";12;"AVAILABLE";"";""
1922;"SI";"SI";"4325032074121";"SB & Boots Interm";"SB Inter";"1";1;0;"11EBB7AB0C0DBE5C987A6AF3476460FC";12;"AVAILABLE";"";""
1923;"SI";"SI";"4325032074121";"SB & Boots Interm";"SB Inter";"1";1;0;"11EBB7AB0C0DBE5C987A6AF3476460FC";12;"AVAILABLE";"";""
1924;"SI";"SI";"4325032074121";"SB & Boots Interm";"SB Inter";"1";1;0;"11EBB7AB0C0DBE5C987A6AF3476460FC";12;"AVAILABLE";"";""
1925;"SI";"SI";"4325032074121";"SB & Boots Interm";"SB Inter";"1";1;0;"11EBB7AB0C0DBE5C987A6AF3476460FC";12;"AVAILABLE";"";""
1926;"SI";"SI";"4325032074121";"SB & Boots Interm";"SB Inter";"1";1;0;"11EBB7AB0C0DBE5C987A6AF3476460FC";12;"AVAILABLE";"";""
1927;"SI";"SI";"4325032074121";"SB & Boots Interm";"SB Inter";"1";1;0;"11EBB7AB0C0DBE5C987A6AF3476460FC";12;"AVAILABLE";"";""
1928;"SI";"SI";"4325032074121";"SB & Boots Interm";"SB Inter";"1";1;0;"11EBB7AB0C0DBE5C987A6AF3476460FC";12;"AVAILABLE";"";""
1929;"SI";"SI";"4325032074121";"SB & Boots Interm";"SB Inter";"1";1;0;"11EBB7AB0C0DBE5C987A6AF3476460FC";12;"AVAILABLE";"";""
1930;"SI";"SI";"4325032074121";"SB & Boots Interm";"SB Inter";"1";1;0;"11EBB7AB0C0DBE5C987A6AF3476460FC";12;"AVAILABLE";"";""
1931;"SIO";"SIO";"4325032074121";"Snowboard only - Inter";"Per brd";"1";1;0;"11EBB7AB0C0D7045987A6AF3476460FC";19;"AVAILABLE";"";""
1932;"SIO";"SIO";"4325032074121";"Snowboard only - Inter";"Per brd";"1";1;0;"11EBB7AB0C0D7045987A6AF3476460FC";19;"AVAILABLE";"";""
1933;"SIO";"SIO";"4325032074121";"Snowboard only - Inter";"Per brd";"1";1;0;"11EBB7AB0C0D7045987A6AF3476460FC";19;"AVAILABLE";"";""
1934;"SIO";"SIO";"4325032074121";"Snowboard only - Inter";"Per brd";"1";1;0;"11EBB7AB0C0D7045987A6AF3476460FC";19;"AVAILABLE";"";""
1935;"SIO";"SIO";"4325032074121";"Snowboard only - Inter";"Per brd";"1";1;0;"11EBB7AB0C0D7045987A6AF3476460FC";19;"AVAILABLE";"";""
1936;"SIO";"SIO";"4325032074121";"Snowboard only - Inter";"Per brd";"1";1;0;"11EBB7AB0C0D7045987A6AF3476460FC";19;"AVAILABLE";"";""
1937;"SIO";"SIO";"4325032074121";"Snowboard only - Inter";"Per brd";"1";1;0;"11EBB7AB0C0D7045987A6AF3476460FC";19;"AVAILABLE";"";""
1938;"SIO";"SIO";"4325032074121";"Snowboard only - Inter";"Per brd";"1";1;0;"11EBB7AB0C0D7045987A6AF3476460FC";19;"AVAILABLE";"";""
1939;"SIO";"SIO";"4325032074121";"Snowboard only - Inter";"Per brd";"1";1;0;"11EBB7AB0C0D7045987A6AF3476460FC";19;"AVAILABLE";"";""
1940;"SIO";"SIO";"4325032074121";"Snowboard only - Inter";"Per brd";"1";1;0;"11EBB7AB0C0D7045987A6AF3476460FC";19;"AVAILABLE";"";""
1941;"SK";"SK";"4325032074121";"SB and Boots U15";"SB U14";"1";1;0;"11EBB7AB0C0D7047987A6AF3476460FC";12;"AVAILABLE";"";""
1942;"SK";"SK";"4325032074121";"SB and Boots U15";"SB U14";"1";1;0;"11EBB7AB0C0D7047987A6AF3476460FC";12;"AVAILABLE";"";""
1943;"SK";"SK";"4325032074121";"SB and Boots U15";"SB U14";"1";1;0;"11EBB7AB0C0D7047987A6AF3476460FC";12;"AVAILABLE";"";""
1944;"SK";"SK";"4325032074121";"SB and Boots U15";"SB U14";"1";1;0;"11EBB7AB0C0D7047987A6AF3476460FC";12;"AVAILABLE";"";""
1945;"SK";"SK";"4325032074121";"SB and Boots U15";"SB U14";"1";1;0;"11EBB7AB0C0D7047987A6AF3476460FC";12;"AVAILABLE";"";""
1946;"SK";"SK";"4325032074121";"SB and Boots U15";"SB U14";"1";1;0;"11EBB7AB0C0D7047987A6AF3476460FC";12;"AVAILABLE";"";""
1947;"SK";"SK";"4325032074121";"SB and Boots U15";"SB U14";"1";1;0;"11EBB7AB0C0D7047987A6AF3476460FC";12;"AVAILABLE";"";""
1948;"SK";"SK";"4325032074121";"SB and Boots U15";"SB U14";"1";1;0;"11EBB7AB0C0D7047987A6AF3476460FC";12;"AVAILABLE";"";""
1949;"SK";"SK";"4325032074121";"SB and Boots U15";"SB U14";"1";1;0;"11EBB7AB0C0D7047987A6AF3476460FC";12;"AVAILABLE";"";""
1950;"SK";"SK";"4325032074121";"SB and Boots U15";"SB U14";"1";1;0;"11EBB7AB0C0D7047987A6AF3476460FC";12;"AVAILABLE";"";""
1951;"ski";"ski";"4325032074121";"DH skis/poles no boots";"Beg ski";"1";1;0;"11EBB7AB0C0D9742987A6AF3476460FC";2;"AVAILABLE";"";""
1952;"ski";"ski";"4325032074121";"DH skis/poles no boots";"Beg ski";"1";1;0;"11EBB7AB0C0D9742987A6AF3476460FC";2;"AVAILABLE";"";""
1953;"ski";"ski";"4325032074121";"DH skis/poles no boots";"Beg ski";"1";1;0;"11EBB7AB0C0D9742987A6AF3476460FC";2;"AVAILABLE";"";""
1954;"ski";"ski";"4325032074121";"DH skis/poles no boots";"Beg ski";"1";1;0;"11EBB7AB0C0D9742987A6AF3476460FC";2;"AVAILABLE";"";""
1955;"ski";"ski";"4325032074121";"DH skis/poles no boots";"Beg ski";"1";1;0;"11EBB7AB0C0D9742987A6AF3476460FC";2;"AVAILABLE";"";""
1956;"ski";"ski";"4325032074121";"DH skis/poles no boots";"Beg ski";"1";1;0;"11EBB7AB0C0D9742987A6AF3476460FC";2;"AVAILABLE";"";""
1957;"ski";"ski";"4325032074121";"DH skis/poles no boots";"Beg ski";"1";1;0;"11EBB7AB0C0D9742987A6AF3476460FC";2;"AVAILABLE";"";""
1958;"ski";"ski";"4325032074121";"DH skis/poles no boots";"Beg ski";"1";1;0;"11EBB7AB0C0D9742987A6AF3476460FC";2;"AVAILABLE";"";""
1959;"ski";"ski";"4325032074121";"DH skis/poles no boots";"Beg ski";"1";1;0;"11EBB7AB0C0D9742987A6AF3476460FC";2;"AVAILABLE";"";""
1960;"ski";"ski";"4325032074121";"DH skis/poles no boots";"Beg ski";"1";1;0;"11EBB7AB0C0D9742987A6AF3476460FC";2;"AVAILABLE";"";""
1961;"SKIK";"SKIK";"4325032074121";"Ski only under 15";"ski u14";"1";1;0;"11EBB7AB0C0D9772987A6AF3476460FC";15;"AVAILABLE";"";""
1962;"SKIK";"SKIK";"4325032074121";"Ski only under 15";"ski u14";"1";1;0;"11EBB7AB0C0D9772987A6AF3476460FC";15;"AVAILABLE";"";""
1963;"SKIK";"SKIK";"4325032074121";"Ski only under 15";"ski u14";"1";1;0;"11EBB7AB0C0D9772987A6AF3476460FC";15;"AVAILABLE";"";""
1964;"SKIK";"SKIK";"4325032074121";"Ski only under 15";"ski u14";"1";1;0;"11EBB7AB0C0D9772987A6AF3476460FC";15;"AVAILABLE";"";""
1965;"SKIK";"SKIK";"4325032074121";"Ski only under 15";"ski u14";"1";1;0;"11EBB7AB0C0D9772987A6AF3476460FC";15;"AVAILABLE";"";""
1966;"SKIK";"SKIK";"4325032074121";"Ski only under 15";"ski u14";"1";1;0;"11EBB7AB0C0D9772987A6AF3476460FC";15;"AVAILABLE";"";""
1967;"SKIK";"SKIK";"4325032074121";"Ski only under 15";"ski u14";"1";1;0;"11EBB7AB0C0D9772987A6AF3476460FC";15;"AVAILABLE";"";""
1968;"SKIK";"SKIK";"4325032074121";"Ski only under 15";"ski u14";"1";1;0;"11EBB7AB0C0D9772987A6AF3476460FC";15;"AVAILABLE";"";""
1969;"SKIK";"SKIK";"4325032074121";"Ski only under 15";"ski u14";"1";1;0;"11EBB7AB0C0D9772987A6AF3476460FC";15;"AVAILABLE";"";""
1970;"SKIK";"SKIK";"4325032074121";"Ski only under 15";"ski u14";"1";1;0;"11EBB7AB0C0D9772987A6AF3476460FC";15;"AVAILABLE";"";""
1971;"SKIPS";"SKIPS";"4325032074121";"Ski Only under 6";"ski u6";"1";1;0;"11EBB7AB0C0DBE50987A6AF3476460FC";15;"AVAILABLE";"";""
1972;"SKIPS";"SKIPS";"4325032074121";"Ski Only under 6";"ski u6";"1";1;0;"11EBB7AB0C0DBE50987A6AF3476460FC";15;"AVAILABLE";"";""
1973;"SKIPS";"SKIPS";"4325032074121";"Ski Only under 6";"ski u6";"1";1;0;"11EBB7AB0C0DBE50987A6AF3476460FC";15;"AVAILABLE";"";""
1974;"SKIPS";"SKIPS";"4325032074121";"Ski Only under 6";"ski u6";"1";1;0;"11EBB7AB0C0DBE50987A6AF3476460FC";15;"AVAILABLE";"";""
1975;"SKIPS";"SKIPS";"4325032074121";"Ski Only under 6";"ski u6";"1";1;0;"11EBB7AB0C0DBE50987A6AF3476460FC";15;"AVAILABLE";"";""
1976;"SKIPS";"SKIPS";"4325032074121";"Ski Only under 6";"ski u6";"1";1;0;"11EBB7AB0C0DBE50987A6AF3476460FC";15;"AVAILABLE";"";""
1977;"SKIPS";"SKIPS";"4325032074121";"Ski Only under 6";"ski u6";"1";1;0;"11EBB7AB0C0DBE50987A6AF3476460FC";15;"AVAILABLE";"";""
1978;"SKIPS";"SKIPS";"4325032074121";"Ski Only under 6";"ski u6";"1";1;0;"11EBB7AB0C0DBE50987A6AF3476460FC";15;"AVAILABLE";"";""
1979;"SKIPS";"SKIPS";"4325032074121";"Ski Only under 6";"ski u6";"1";1;0;"11EBB7AB0C0DBE50987A6AF3476460FC";15;"AVAILABLE";"";""
1980;"SKIPS";"SKIPS";"4325032074121";"Ski Only under 6";"ski u6";"1";1;0;"11EBB7AB0C0DBE50987A6AF3476460FC";15;"AVAILABLE";"";""
1981;"SP";"SP";"4325032074121";"SB Perf board and Boots";"SB Perf";"1";1;0;"11EBB7AB0C0D703A987A6AF3476460FC";12;"AVAILABLE";"";""
1982;"SP";"SP";"4325032074121";"SB Perf board and Boots";"SB Perf";"1";1;0;"11EBB7AB0C0D703A987A6AF3476460FC";12;"AVAILABLE";"";""
1983;"SP";"SP";"4325032074121";"SB Perf board and Boots";"SB Perf";"1";1;0;"11EBB7AB0C0D703A987A6AF3476460FC";12;"AVAILABLE";"";""
1984;"SP";"SP";"4325032074121";"SB Perf board and Boots";"SB Perf";"1";1;0;"11EBB7AB0C0D703A987A6AF3476460FC";12;"AVAILABLE";"";""
1985;"SP";"SP";"4325032074121";"SB Perf board and Boots";"SB Perf";"1";1;0;"11EBB7AB0C0D703A987A6AF3476460FC";12;"AVAILABLE";"";""
1986;"SP";"SP";"4325032074121";"SB Perf board and Boots";"SB Perf";"1";1;0;"11EBB7AB0C0D703A987A6AF3476460FC";12;"AVAILABLE";"";""
1987;"SP";"SP";"4325032074121";"SB Perf board and Boots";"SB Perf";"1";1;0;"11EBB7AB0C0D703A987A6AF3476460FC";12;"AVAILABLE";"";""
1988;"SP";"SP";"4325032074121";"SB Perf board and Boots";"SB Perf";"1";1;0;"11EBB7AB0C0D703A987A6AF3476460FC";12;"AVAILABLE";"";""
1989;"SP";"SP";"4325032074121";"SB Perf board and Boots";"SB Perf";"1";1;0;"11EBB7AB0C0D703A987A6AF3476460FC";12;"AVAILABLE";"";""
1990;"SP";"SP";"4325032074121";"SB Perf board and Boots";"SB Perf";"1";1;0;"11EBB7AB0C0D703A987A6AF3476460FC";12;"AVAILABLE";"";""
1991;"TC";"TC";"4325032074121";"Toboggan Carve";"Tob Carve";"1";1;0;"11EBB7AB0C0D976E987A6AF3476460FC";3;"AVAILABLE";"";""
1992;"TC";"TC";"4325032074121";"Toboggan Carve";"Tob Carve";"1";1;0;"11EBB7AB0C0D976E987A6AF3476460FC";3;"AVAILABLE";"";""
1993;"TC";"TC";"4325032074121";"Toboggan Carve";"Tob Carve";"1";1;0;"11EBB7AB0C0D976E987A6AF3476460FC";3;"AVAILABLE";"";""
1994;"TC";"TC";"4325032074121";"Toboggan Carve";"Tob Carve";"1";1;0;"11EBB7AB0C0D976E987A6AF3476460FC";3;"AVAILABLE";"";""
1995;"TC";"TC";"4325032074121";"Toboggan Carve";"Tob Carve";"1";1;0;"11EBB7AB0C0D976E987A6AF3476460FC";3;"AVAILABLE";"";""
1996;"TC";"TC";"4325032074121";"Toboggan Carve";"Tob Carve";"1";1;0;"11EBB7AB0C0D976E987A6AF3476460FC";3;"AVAILABLE";"";""
1997;"TC";"TC";"4325032074121";"Toboggan Carve";"Tob Carve";"1";1;0;"11EBB7AB0C0D976E987A6AF3476460FC";3;"AVAILABLE";"";""
1998;"TC";"TC";"4325032074121";"Toboggan Carve";"Tob Carve";"1";1;0;"11EBB7AB0C0D976E987A6AF3476460FC";3;"AVAILABLE";"";""
1999;"TC";"TC";"4325032074121";"Toboggan Carve";"Tob Carve";"1";1;0;"11EBB7AB0C0D976E987A6AF3476460FC";3;"AVAILABLE";"";""
2000;"TC";"TC";"4325032074121";"Toboggan Carve";"Tob Carve";"1";1;0;"11EBB7AB0C0D976E987A6AF3476460FC";3;"AVAILABLE";"";""
2001;"TeleP";"TeleP";"4325032074121";"Telemark skis, boots, poles";"Tele";"1";1;0;"11EBB7AB0C0D704E987A6AF3476460FC";2;"AVAILABLE";"";""
2002;"TeleP";"TeleP";"4325032074121";"Telemark skis, boots, poles";"Tele";"1";1;0;"11EBB7AB0C0D704E987A6AF3476460FC";2;"AVAILABLE";"";""
2003;"TeleP";"TeleP";"4325032074121";"Telemark skis, boots, poles";"Tele";"1";1;0;"11EBB7AB0C0D704E987A6AF3476460FC";2;"AVAILABLE";"";""
2004;"TeleP";"TeleP";"4325032074121";"Telemark skis, boots, poles";"Tele";"1";1;0;"11EBB7AB0C0D704E987A6AF3476460FC";2;"AVAILABLE";"";""
2005;"TeleP";"TeleP";"4325032074121";"Telemark skis, boots, poles";"Tele";"1";1;0;"11EBB7AB0C0D704E987A6AF3476460FC";2;"AVAILABLE";"";""
2006;"TeleP";"TeleP";"4325032074121";"Telemark skis, boots, poles";"Tele";"1";1;0;"11EBB7AB0C0D704E987A6AF3476460FC";2;"AVAILABLE";"";""
2007;"TeleP";"TeleP";"4325032074121";"Telemark skis, boots, poles";"Tele";"1";1;0;"11EBB7AB0C0D704E987A6AF3476460FC";2;"AVAILABLE";"";""
2008;"TeleP";"TeleP";"4325032074121";"Telemark skis, boots, poles";"Tele";"1";1;0;"11EBB7AB0C0D704E987A6AF3476460FC";2;"AVAILABLE";"";""
2009;"TeleP";"TeleP";"4325032074121";"Telemark skis, boots, poles";"Tele";"1";1;0;"11EBB7AB0C0D704E987A6AF3476460FC";2;"AVAILABLE";"";""
2010;"TeleP";"TeleP";"4325032074121";"Telemark skis, boots, poles";"Tele";"1";1;0;"11EBB7AB0C0D704E987A6AF3476460FC";2;"AVAILABLE";"";""
2011;"TS";"TS";"4325032074121";"Toboggan";"Toboggan";"1";1;0;"11EBB7AB0C0D976C987A6AF3476460FC";20;"AVAILABLE";"";""
2012;"TS";"TS";"4325032074121";"Toboggan";"Toboggan";"1";1;0;"11EBB7AB0C0D976C987A6AF3476460FC";20;"AVAILABLE";"";""
2013;"TS";"TS";"4325032074121";"Toboggan";"Toboggan";"1";1;0;"11EBB7AB0C0D976C987A6AF3476460FC";20;"AVAILABLE";"";""
2014;"TS";"TS";"4325032074121";"Toboggan";"Toboggan";"1";1;0;"11EBB7AB0C0D976C987A6AF3476460FC";20;"AVAILABLE";"";""
2015;"TS";"TS";"4325032074121";"Toboggan";"Toboggan";"1";1;0;"11EBB7AB0C0D976C987A6AF3476460FC";20;"AVAILABLE";"";""
2016;"TS";"TS";"4325032074121";"Toboggan";"Toboggan";"1";1;0;"11EBB7AB0C0D976C987A6AF3476460FC";20;"AVAILABLE";"";""
2017;"TS";"TS";"4325032074121";"Toboggan";"Toboggan";"1";1;0;"11EBB7AB0C0D976C987A6AF3476460FC";20;"AVAILABLE";"";""
2018;"TS";"TS";"4325032074121";"Toboggan";"Toboggan";"1";1;0;"11EBB7AB0C0D976C987A6AF3476460FC";20;"AVAILABLE";"";""
2019;"TS";"TS";"4325032074121";"Toboggan";"Toboggan";"1";1;0;"11EBB7AB0C0D976C987A6AF3476460FC";20;"AVAILABLE";"";""
2020;"TS";"TS";"4325032074121";"Toboggan";"Toboggan";"1";1;0;"11EBB7AB0C0D976C987A6AF3476460FC";20;"AVAILABLE";"";""
2021;"WG";"WG";"4325032074121";"Wrist Guard";"Wrist G";"1";1;0;"11EBB7AB0C0D975E987A6AF3476460FC";20;"AVAILABLE";"";""
2022;"WG";"WG";"4325032074121";"Wrist Guard";"Wrist G";"1";1;0;"11EBB7AB0C0D975E987A6AF3476460FC";20;"AVAILABLE";"";""
2023;"WG";"WG";"4325032074121";"Wrist Guard";"Wrist G";"1";1;0;"11EBB7AB0C0D975E987A6AF3476460FC";20;"AVAILABLE";"";""
2024;"WG";"WG";"4325032074121";"Wrist Guard";"Wrist G";"1";1;0;"11EBB7AB0C0D975E987A6AF3476460FC";20;"AVAILABLE";"";""
2025;"WG";"WG";"4325032074121";"Wrist Guard";"Wrist G";"1";1;0;"11EBB7AB0C0D975E987A6AF3476460FC";20;"AVAILABLE";"";""
2026;"WG";"WG";"4325032074121";"Wrist Guard";"Wrist G";"1";1;0;"11EBB7AB0C0D975E987A6AF3476460FC";20;"AVAILABLE";"";""
2027;"WG";"WG";"4325032074121";"Wrist Guard";"Wrist G";"1";1;0;"11EBB7AB0C0D975E987A6AF3476460FC";20;"AVAILABLE";"";""
2028;"WG";"WG";"4325032074121";"Wrist Guard";"Wrist G";"1";1;0;"11EBB7AB0C0D975E987A6AF3476460FC";20;"AVAILABLE";"";""
2029;"WG";"WG";"4325032074121";"Wrist Guard";"Wrist G";"1";1;0;"11EBB7AB0C0D975E987A6AF3476460FC";20;"AVAILABLE";"";""
2030;"WG";"WG";"4325032074121";"Wrist Guard";"Wrist G";"1";1;0;"11EBB7AB0C0D975E987A6AF3476460FC";20;"AVAILABLE";"";""
2031;"X";"X";"4325032074121";"XC Classic Ski, Boots, poles";"XC Cla";"1";1;0;"11EBB7AB0C0D7038987A6AF3476460FC";2;"AVAILABLE";"";""
2032;"X";"X";"4325032074121";"XC Classic Ski, Boots, poles";"XC Cla";"1";1;0;"11EBB7AB0C0D7038987A6AF3476460FC";2;"AVAILABLE";"";""
2033;"X";"X";"4325032074121";"XC Classic Ski, Boots, poles";"XC Cla";"1";1;0;"11EBB7AB0C0D7038987A6AF3476460FC";2;"AVAILABLE";"";""
2034;"X";"X";"4325032074121";"XC Classic Ski, Boots, poles";"XC Cla";"1";1;0;"11EBB7AB0C0D7038987A6AF3476460FC";2;"AVAILABLE";"";""
2035;"X";"X";"4325032074121";"XC Classic Ski, Boots, poles";"XC Cla";"1";1;0;"11EBB7AB0C0D7038987A6AF3476460FC";2;"AVAILABLE";"";""
2036;"X";"X";"4325032074121";"XC Classic Ski, Boots, poles";"XC Cla";"1";1;0;"11EBB7AB0C0D7038987A6AF3476460FC";2;"AVAILABLE";"";""
2037;"X";"X";"4325032074121";"XC Classic Ski, Boots, poles";"XC Cla";"1";1;0;"11EBB7AB0C0D7038987A6AF3476460FC";2;"AVAILABLE";"";""
2038;"X";"X";"4325032074121";"XC Classic Ski, Boots, poles";"XC Cla";"1";1;0;"11EBB7AB0C0D7038987A6AF3476460FC";2;"AVAILABLE";"";""
2039;"X";"X";"4325032074121";"XC Classic Ski, Boots, poles";"XC Cla";"1";1;0;"11EBB7AB0C0D7038987A6AF3476460FC";2;"AVAILABLE";"";""
2040;"X";"X";"4325032074121";"XC Classic Ski, Boots, poles";"XC Cla";"1";1;0;"11EBB7AB0C0D7038987A6AF3476460FC";2;"AVAILABLE";"";""
2041;"XCP";"XCP";"4325032074121";"XC U5, skis boots, poles";"XC U6";"1";1;0;"11EBB7AB0C0D7040987A6AF3476460FC";2;"AVAILABLE";"";""
2042;"XCP";"XCP";"4325032074121";"XC U5, skis boots, poles";"XC U6";"1";1;0;"11EBB7AB0C0D7040987A6AF3476460FC";2;"AVAILABLE";"";""
2043;"XCP";"XCP";"4325032074121";"XC U5, skis boots, poles";"XC U6";"1";1;0;"11EBB7AB0C0D7040987A6AF3476460FC";2;"AVAILABLE";"";""
2044;"XCP";"XCP";"4325032074121";"XC U5, skis boots, poles";"XC U6";"1";1;0;"11EBB7AB0C0D7040987A6AF3476460FC";2;"AVAILABLE";"";""
2045;"XCP";"XCP";"4325032074121";"XC U5, skis boots, poles";"XC U6";"1";1;0;"11EBB7AB0C0D7040987A6AF3476460FC";2;"AVAILABLE";"";""
2046;"XCP";"XCP";"4325032074121";"XC U5, skis boots, poles";"XC U6";"1";1;0;"11EBB7AB0C0D7040987A6AF3476460FC";2;"AVAILABLE";"";""
2047;"XCP";"XCP";"4325032074121";"XC U5, skis boots, poles";"XC U6";"1";1;0;"11EBB7AB0C0D7040987A6AF3476460FC";2;"AVAILABLE";"";""
2048;"XCP";"XCP";"4325032074121";"XC U5, skis boots, poles";"XC U6";"1";1;0;"11EBB7AB0C0D7040987A6AF3476460FC";2;"AVAILABLE";"";""
2049;"XCP";"XCP";"4325032074121";"XC U5, skis boots, poles";"XC U6";"1";1;0;"11EBB7AB0C0D7040987A6AF3476460FC";2;"AVAILABLE";"";""
2050;"XCP";"XCP";"4325032074121";"XC U5, skis boots, poles";"XC U6";"1";1;0;"11EBB7AB0C0D7040987A6AF3476460FC";2;"AVAILABLE";"";""
2051;"XK";"XK";"4325032074121";"XC U15, skis, boots, poles";"XC U14";"1";1;0;"11EBB7AB0C0D703E987A6AF3476460FC";2;"AVAILABLE";"";""
2052;"XK";"XK";"4325032074121";"XC U15, skis, boots, poles";"XC U14";"1";1;0;"11EBB7AB0C0D703E987A6AF3476460FC";2;"AVAILABLE";"";""
2053;"XK";"XK";"4325032074121";"XC U15, skis, boots, poles";"XC U14";"1";1;0;"11EBB7AB0C0D703E987A6AF3476460FC";2;"AVAILABLE";"";""
2054;"XK";"XK";"4325032074121";"XC U15, skis, boots, poles";"XC U14";"1";1;0;"11EBB7AB0C0D703E987A6AF3476460FC";2;"AVAILABLE";"";""
2055;"XK";"XK";"4325032074121";"XC U15, skis, boots, poles";"XC U14";"1";1;0;"11EBB7AB0C0D703E987A6AF3476460FC";2;"AVAILABLE";"";""
2056;"XK";"XK";"4325032074121";"XC U15, skis, boots, poles";"XC U14";"1";1;0;"11EBB7AB0C0D703E987A6AF3476460FC";2;"AVAILABLE";"";""
2057;"XK";"XK";"4325032074121";"XC U15, skis, boots, poles";"XC U14";"1";1;0;"11EBB7AB0C0D703E987A6AF3476460FC";2;"AVAILABLE";"";""
2058;"XK";"XK";"4325032074121";"XC U15, skis, boots, poles";"XC U14";"1";1;0;"11EBB7AB0C0D703E987A6AF3476460FC";2;"AVAILABLE";"";""
2059;"XK";"XK";"4325032074121";"XC U15, skis, boots, poles";"XC U14";"1";1;0;"11EBB7AB0C0D703E987A6AF3476460FC";2;"AVAILABLE";"";""
2060;"XK";"XK";"4325032074121";"XC U15, skis, boots, poles";"XC U14";"1";1;0;"11EBB7AB0C0D703E987A6AF3476460FC";2;"AVAILABLE";"";""
2061;"XS";"XS";"4325032074121";"XC Skate, skis, boots, poles";"XC Ska";"1";1;0;"11EBB7AB0C0D703C987A6AF3476460FC";2;"AVAILABLE";"";""
2062;"XS";"XS";"4325032074121";"XC Skate, skis, boots, poles";"XC Ska";"1";1;0;"11EBB7AB0C0D703C987A6AF3476460FC";2;"AVAILABLE";"";""
2063;"XS";"XS";"4325032074121";"XC Skate, skis, boots, poles";"XC Ska";"1";1;0;"11EBB7AB0C0D703C987A6AF3476460FC";2;"AVAILABLE";"";""
2064;"XS";"XS";"4325032074121";"XC Skate, skis, boots, poles";"XC Ska";"1";1;0;"11EBB7AB0C0D703C987A6AF3476460FC";2;"AVAILABLE";"";""
2065;"XS";"XS";"4325032074121";"XC Skate, skis, boots, poles";"XC Ska";"1";1;0;"11EBB7AB0C0D703C987A6AF3476460FC";2;"AVAILABLE";"";""
2066;"XS";"XS";"4325032074121";"XC Skate, skis, boots, poles";"XC Ska";"1";1;0;"11EBB7AB0C0D703C987A6AF3476460FC";2;"AVAILABLE";"";""
2067;"XS";"XS";"4325032074121";"XC Skate, skis, boots, poles";"XC Ska";"1";1;0;"11EBB7AB0C0D703C987A6AF3476460FC";2;"AVAILABLE";"";""
2068;"XS";"XS";"4325032074121";"XC Skate, skis, boots, poles";"XC Ska";"1";1;0;"11EBB7AB0C0D703C987A6AF3476460FC";2;"AVAILABLE";"";""
2069;"XS";"XS";"4325032074121";"XC Skate, skis, boots, poles";"XC Ska";"1";1;0;"11EBB7AB0C0D703C987A6AF3476460FC";2;"AVAILABLE";"";""
2070;"XS";"XS";"4325032074121";"XC Skate, skis, boots, poles";"XC Ska";"1";1;0;"11EBB7AB0C0D703C987A6AF3476460FC";2;"AVAILABLE";"";""
2071;"Y";"Y";"4325032074121";"Yowies/snowshoes";"Yowies";"1";1;0;"11EBB7AB0C0D7050987A6AF3476460FC";4;"AVAILABLE";"";""
2072;"Y";"Y";"4325032074121";"Yowies/snowshoes";"Yowies";"1";1;0;"11EBB7AB0C0D7050987A6AF3476460FC";4;"AVAILABLE";"";""
2073;"Y";"Y";"4325032074121";"Yowies/snowshoes";"Yowies";"1";1;0;"11EBB7AB0C0D7050987A6AF3476460FC";4;"AVAILABLE";"";""
2074;"Y";"Y";"4325032074121";"Yowies/snowshoes";"Yowies";"1";1;0;"11EBB7AB0C0D7050987A6AF3476460FC";4;"AVAILABLE";"";""
2075;"Y";"Y";"4325032074121";"Yowies/snowshoes";"Yowies";"1";1;0;"11EBB7AB0C0D7050987A6AF3476460FC";4;"AVAILABLE";"";""
2076;"Y";"Y";"4325032074121";"Yowies/snowshoes";"Yowies";"1";1;0;"11EBB7AB0C0D7050987A6AF3476460FC";4;"AVAILABLE";"";""
2077;"Y";"Y";"4325032074121";"Yowies/snowshoes";"Yowies";"1";1;0;"11EBB7AB0C0D7050987A6AF3476460FC";4;"AVAILABLE";"";""
2078;"Y";"Y";"4325032074121";"Yowies/snowshoes";"Yowies";"1";1;0;"11EBB7AB0C0D7050987A6AF3476460FC";4;"AVAILABLE";"";""
2079;"Y";"Y";"4325032074121";"Yowies/snowshoes";"Yowies";"1";1;0;"11EBB7AB0C0D7050987A6AF3476460FC";4;"AVAILABLE";"";""
2080;"Y";"Y";"4325032074121";"Yowies/snowshoes";"Yowies";"1";1;0;"11EBB7AB0C0D7050987A6AF3476460FC";4;"AVAILABLE";"";""
